comp,year,discp,seg,skname,nat,elen,eles,lvl,bl,dg,ur,ue,we,iv,ele,bv,goe,goej1,goej2,goej3,goej4,goej5,goej6,goej7,goej8,goej9,ets
owg,2018,1,1,Evgenia MEDVEDEVA,OAR,1,3F+3T,-,0,0,0,0,0,0,3F+3T,9.60,1.40,2,2,3,2,2,2,2,2,2,11.00
owg,2018,1,1,Evgenia MEDVEDEVA,OAR,2,3Lz,-,0,0,0,0,0,0,3Lz,6.00,1.60,2,3,3,2,2,2,2,2,3,7.60
owg,2018,1,1,Evgenia MEDVEDEVA,OAR,3,FCCoSp,4,0,0,0,0,0,0,FCCoSp4,3.50,1.07,2,2,3,3,1,2,2,2,2,4.57
owg,2018,1,1,Evgenia MEDVEDEVA,OAR,4,StSq,4,0,0,0,0,0,0,StSq4,3.90,2.00,2,3,3,3,2,3,3,3,3,5.90
owg,2018,1,1,Evgenia MEDVEDEVA,OAR,5,3F,-,1,0,0,0,0,0,3F,5.83,1.90,3,3,3,3,3,2,2,2,3,7.73
owg,2018,1,1,Evgenia MEDVEDEVA,OAR,6,3Lo,-,1,0,0,0,0,0,3Lo,5.61,1.70,3,2,3,3,3,2,2,2,2,7.31
owg,2018,1,1,Evgenia MEDVEDEVA,OAR,7,2A+2T+2T,-,1,0,0,0,0,0,2A+2T+2T,6.49,0.79,1,1,3,2,2,1,2,1,2,7.28
owg,2018,1,1,Alina ZAGITOVA,OAR,1,ChSq,1,0,0,0,0,0,0,ChSq1,2.00,1.70,2,3,3,3,2,2,3,2,2,3.70
owg,2018,1,1,Alina ZAGITOVA,OAR,2,FCSp,4,0,0,0,0,0,0,FCSp4,3.20,1.07,2,2,3,2,2,2,2,2,3,4.27
owg,2018,1,1,Alina ZAGITOVA,OAR,3,StSq,4,0,0,0,0,0,0,StSq4,3.90,1.80,2,2,3,3,2,3,3,3,2,5.70
owg,2018,1,1,Alina ZAGITOVA,OAR,4,3Lz,-,1,0,0,0,0,0,3Lz,6.60,0.50,1,0,2,1,0,1,0,1,1,7.10
owg,2018,1,1,Alina ZAGITOVA,OAR,5,2A+3T,-,1,0,0,0,0,0,2A+3T,8.36,1.40,2,2,2,2,1,2,2,2,2,9.76
owg,2018,1,1,Alina ZAGITOVA,OAR,6,3F+2T+2Lo,-,1,0,0,0,0,0,3F+2T+2Lo,9.24,1.20,2,2,3,2,2,1,1,1,2,10.44
owg,2018,1,1,Alina ZAGITOVA,OAR,7,LSp,4,0,0,0,0,0,0,LSp4,2.70,1.07,2,2,3,3,1,2,2,2,2,3.77
owg,2018,1,1,Kaetlyn OSMOND,CAN,1,3F+3T,-,0,0,0,0,0,0,3F+3T,9.60,1.90,3,2,3,2,3,2,3,3,3,11.50
owg,2018,1,1,Kaetlyn OSMOND,CAN,2,2A+3T,-,0,0,0,0,0,0,2A+3T,7.60,1.90,3,3,3,2,3,2,2,3,3,9.50
owg,2018,1,1,Kaetlyn OSMOND,CAN,3,3Lz,-,0,0,0,1,0,0,3Lz,6.00,-1.40,-1,-2,-2,-2,-2,-2,-2,-2,-2,4.60
owg,2018,1,1,Kaetlyn OSMOND,CAN,4,FCCoSp,4,0,0,0,0,0,0,FCCoSp4,3.50,0.79,2,2,3,1,2,1,2,1,1,4.29
owg,2018,1,1,Kaetlyn OSMOND,CAN,5,LSp,4,0,0,0,0,0,0,LSp4,2.70,1.14,3,3,3,2,2,2,2,2,2,3.84
owg,2018,1,1,Kaetlyn OSMOND,CAN,6,3Lo,-,1,0,0,0,0,0,3Lo,5.61,1.50,3,2,3,2,2,2,2,2,2,7.11
owg,2018,1,1,Kaetlyn OSMOND,CAN,7,3F,-,1,0,0,0,0,0,3F,5.83,1.80,3,2,3,2,3,1,2,3,3,7.63
owg,2018,1,1,Satoko MIYAHARA,JPN,1,3Lo,-,0,0,0,0,0,0,3Lo,5.10,1.00,2,2,1,1,1,1,2,2,1,6.10
owg,2018,1,1,Satoko MIYAHARA,JPN,2,3Lz+3T,-,0,0,0,0,0,0,3Lz+3T,10.30,1.00,1,1,1,1,0,2,2,2,2,11.30
owg,2018,1,1,Satoko MIYAHARA,JPN,3,3F,-,0,0,0,0,0,0,3F,5.30,0.70,1,1,1,1,0,1,1,2,1,6.00
owg,2018,1,1,Satoko MIYAHARA,JPN,4,FCSp,4,0,0,0,0,0,0,FCSp4,3.20,0.93,2,2,2,2,1,2,2,1,2,4.13
owg,2018,1,1,Satoko MIYAHARA,JPN,5,CCoSp,4,0,0,0,0,0,0,CCoSp4,3.50,0.86,2,1,3,1,1,2,2,2,2,4.36
owg,2018,1,1,Satoko MIYAHARA,JPN,6,StSq,4,0,0,0,0,0,0,StSq4,3.90,1.50,2,2,3,2,2,2,2,3,2,5.40
owg,2018,1,1,Satoko MIYAHARA,JPN,7,3Lz+2T+2Lo,-,1,0,0,0,0,0,3Lz+2T+2Lo,10.01,0.60,1,1,0,1,0,1,1,1,1,10.61
owg,2018,1,1,Carolina KOSTNER,ITA,1,3Lz,-,0,0,0,0,0,0,3Lz,6.00,1.50,2,2,3,2,3,2,2,2,2,7.50
owg,2018,1,1,Carolina KOSTNER,ITA,2,3F,-,0,0,0,0,0,0,3F,5.30,-1.50,-3,-1,-3,-2,-2,-2,-2,-2,-2,3.80
owg,2018,1,1,Carolina KOSTNER,ITA,3,3Lo,-,0,0,0,0,0,0,3Lo,5.10,0.70,1,2,-1,2,0,1,1,1,1,5.80
owg,2018,1,1,Carolina KOSTNER,ITA,4,FCSp,4,0,0,0,0,0,0,FCSp4,3.20,1.00,2,2,2,2,1,2,2,2,2,4.20
owg,2018,1,1,Carolina KOSTNER,ITA,5,FCCoSp,4,0,0,0,0,0,0,FCCoSp4,3.50,1.00,2,2,3,2,2,2,2,2,2,4.50
owg,2018,1,1,Carolina KOSTNER,ITA,6,3T,-,1,0,0,0,0,0,3T,4.73,0.00,-1,0,-1,0,0,1,0,0,1,4.73
owg,2018,1,1,Carolina KOSTNER,ITA,7,2A+1Lo+3S,-,1,0,1,0,0,0,2A+1Lo<+3S,8.91,-0.70,-1,-1,-2,-1,-1,-1,-1,-1,0,8.21
owg,2018,1,1,Kaori SAKAMOTO,JPN,1,3F+3T,-,0,0,0,0,0,0,3F+3T,9.60,1.20,1,2,2,2,2,1,2,2,1,10.80
owg,2018,1,1,Kaori SAKAMOTO,JPN,2,3S,-,0,0,0,0,0,0,3S,4.40,0.90,2,1,2,1,1,1,2,1,1,5.30
owg,2018,1,1,Kaori SAKAMOTO,JPN,3,StSq,4,0,0,0,0,0,0,StSq4,3.90,1.20,1,2,2,2,2,1,3,2,1,5.10
owg,2018,1,1,Kaori SAKAMOTO,JPN,4,FSSp,4,0,0,0,0,0,0,FSSp4,3.00,0.64,1,1,2,1,1,2,1,1,2,3.64
owg,2018,1,1,Kaori SAKAMOTO,JPN,5,3Lz,-,1,0,0,0,1,0,3Lze,4.62,-0.60,-1,-1,-1,-1,-1,1,-1,-2,0,4.02
owg,2018,1,1,Kaori SAKAMOTO,JPN,6,3F+2T,-,1,0,0,0,0,0,3F+2T,7.26,0.70,1,1,1,1,1,1,2,1,1,7.96
owg,2018,1,1,Kaori SAKAMOTO,JPN,7,CCoSp,4,0,0,0,0,0,0,CCoSp4,3.50,1.00,2,2,2,2,2,2,2,2,2,4.50
owg,2018,1,1,Maria SOTSKOVA,OAR,1,3Lz+3T,-,0,0,0,0,0,0,3Lz+3T,10.30,0.80,1,2,1,1,0,1,1,2,1,11.10
owg,2018,1,1,Maria SOTSKOVA,OAR,2,3F,-,0,0,0,0,0,0,3F,5.30,1.00,1,2,1,2,2,2,1,1,1,6.30
owg,2018,1,1,Maria SOTSKOVA,OAR,3,LSp,4,0,0,0,0,0,0,LSp4,2.70,0.64,1,2,1,2,1,1,2,1,1,3.34
owg,2018,1,1,Maria SOTSKOVA,OAR,4,StSq,3,0,0,0,0,0,0,StSq3,3.30,0.86,1,2,2,2,1,2,2,2,1,4.16
owg,2018,1,1,Maria SOTSKOVA,OAR,5,3Lo,-,1,0,0,0,0,0,3Lo,5.61,0.70,1,1,1,1,1,1,1,2,1,6.31
owg,2018,1,1,Maria SOTSKOVA,OAR,6,3F+1Lo+2S,-,1,0,0,0,0,0,3F+1Lo+2S,7.81,0.50,0,2,0,0,1,1,1,1,1,8.31
owg,2018,1,1,Maria SOTSKOVA,OAR,7,3Lz,-,1,0,0,0,0,0,3Lz,6.60,0.80,1,1,1,0,2,1,2,2,0,7.40
owg,2018,1,1,Dabin CHOI,KOR,1,3Lz,-,0,0,0,0,0,0,3Lz,6.00,0.00,1,0,0,0,-1,0,0,0,0,6.00
owg,2018,1,1,Dabin CHOI,KOR,2,3F,-,0,0,0,0,0,0,3F,5.30,0.70,1,1,2,1,1,1,1,1,1,6.00
owg,2018,1,1,Dabin CHOI,KOR,3,2A+3T,-,0,0,0,0,0,0,2A+3T,7.60,0.70,1,1,1,1,1,1,2,1,1,8.30
owg,2018,1,1,Dabin CHOI,KOR,4,FCSp,4,0,0,0,0,0,0,FCSp4,3.20,0.50,1,1,1,1,1,1,1,0,1,3.70
owg,2018,1,1,Dabin CHOI,KOR,5,StSq,3,0,0,0,0,0,0,StSq3,3.30,0.50,1,1,1,1,1,1,2,1,1,3.80
owg,2018,1,1,Dabin CHOI,KOR,6,3Lo,-,1,0,0,0,0,0,3Lo,5.61,0.70,1,1,2,1,1,1,1,0,1,6.31
owg,2018,1,1,Dabin CHOI,KOR,7,3Lz+3T+2T,-,1,0,0,0,0,0,3Lz+3T+2T,12.76,0.40,1,0,1,1,1,0,2,0,0,13.16
owg,2018,1,1,Bradie TENNELL,USA,1,3Lz+3T,-,0,0,0,0,0,0,3Lz+3T,10.30,1.10,1,1,1,2,1,2,2,2,2,11.40
owg,2018,1,1,Bradie TENNELL,USA,2,2A,-,0,0,0,0,0,0,2A,3.30,0.86,2,2,1,1,2,2,2,2,1,4.16
owg,2018,1,1,Bradie TENNELL,USA,3,3F,-,0,0,0,0,0,0,3F,5.30,0.70,1,1,1,1,1,1,2,1,1,6.00
owg,2018,1,1,Bradie TENNELL,USA,4,LSp,4,0,0,0,0,0,0,LSp4,2.70,1.00,2,2,2,2,2,2,2,2,2,3.70
owg,2018,1,1,Bradie TENNELL,USA,5,StSq,4,0,0,0,0,0,0,StSq4,3.90,1.10,1,1,1,1,2,2,2,2,2,5.00
owg,2018,1,1,Bradie TENNELL,USA,6,2A+3T,-,1,0,1,0,0,0,2A+3T<,6.93,-1.36,-3,-3,-3,-3,-2,-3,-3,-2,-2,5.57
owg,2018,1,1,Bradie TENNELL,USA,7,3Lz,-,1,0,1,0,0,0,3Lz<,4.62,-2.00,-3,-3,-3,-3,-2,-3,-3,-3,-2,2.62
owg,2018,1,1,Hanul KIM,KOR,1,3Lz+3T,-,0,0,0,0,0,0,3Lz+3T,10.30,0.60,1,1,1,0,0,1,2,1,1,10.90
owg,2018,1,1,Hanul KIM,KOR,2,2A+3T,-,0,0,0,0,0,0,2A+3T,7.60,0.80,1,1,1,1,1,2,2,1,1,8.40
owg,2018,1,1,Hanul KIM,KOR,3,3F,-,0,0,0,1,0,0,3F,5.30,-1.50,-3,-2,-3,-2,-2,-2,-2,-2,-2,3.80
owg,2018,1,1,Hanul KIM,KOR,4,CCoSp,4,0,0,0,0,0,0,CCoSp4,3.50,0.71,1,2,2,1,1,2,2,1,1,4.21
owg,2018,1,1,Hanul KIM,KOR,5,FSSp,4,0,0,0,0,0,0,FSSp4,3.00,0.36,1,1,1,0,0,1,1,0,1,3.36
owg,2018,1,1,Hanul KIM,KOR,6,StSq,3,0,0,0,0,0,0,StSq3,3.30,0.57,0,1,1,1,1,1,2,2,1,3.87
owg,2018,1,1,Hanul KIM,KOR,7,3Lo,-,1,0,0,0,0,0,3Lo,5.61,0.60,1,0,1,1,0,1,1,1,1,6.21
owg,2018,1,1,Karen CHEN,USA,1,3Lz,-,0,0,0,0,0,0,3Lz,6.00,0.50,0,1,0,1,1,1,2,0,1,6.50
owg,2018,1,1,Karen CHEN,USA,2,3F,-,0,0,0,1,0,0,3F,5.30,-0.60,-1,-1,-2,-1,-1,-1,0,-1,0,4.70
owg,2018,1,1,Karen CHEN,USA,3,StSq,4,0,0,0,0,0,0,StSq4,3.90,1.30,2,2,1,2,1,2,2,2,2,5.20
owg,2018,1,1,Karen CHEN,USA,4,FCCoSp,4,0,0,0,0,0,0,FCCoSp4,3.50,0.64,1,2,1,1,1,1,2,2,1,4.14
owg,2018,1,1,Karen CHEN,USA,5,2A+1Lo+3S,-,1,0,1,0,0,0,2A+1Lo+3S<,7.59,-0.29,0,-1,-1,-1,0,-1,0,-1,0,7.30
owg,2018,1,1,Karen CHEN,USA,6,3Lz+2T,-,1,0,0,0,0,0,3Lz+2T,8.03,-0.20,1,0,-1,-1,-1,1,0,0,-1,7.83
owg,2018,1,1,Karen CHEN,USA,7,3Lo,-,1,0,1,0,0,0,3Lo<,3.96,-2.10,-3,-3,-3,-3,-3,-3,-3,-3,-3,1.86
owg,2018,1,1,Mirai NAGASU,USA,1,A,-,0,0,0,0,0,0,A,0.00,0.00,-,-,-,-,-,-,-,-,-,0.00
owg,2018,1,1,Mirai NAGASU,USA,2,3F+3T,-,0,0,0,0,0,0,3F+3T,9.60,1.00,2,1,1,1,1,1,2,2,2,10.60
owg,2018,1,1,Mirai NAGASU,USA,3,3S,-,0,0,0,0,0,0,3S,4.40,0.90,1,2,1,1,0,2,1,2,1,5.30
owg,2018,1,1,Mirai NAGASU,USA,4,CCoSp,3,0,0,0,0,0,0,CCoSp3,3.00,1.00,2,2,2,2,1,2,2,2,2,4.00
owg,2018,1,1,Mirai NAGASU,USA,5,FCSp,4,0,0,0,0,0,0,FCSp4,3.20,0.50,1,1,1,1,1,1,0,1,1,3.70
owg,2018,1,1,Mirai NAGASU,USA,6,2A+3T+2T,-,0,0,0,0,0,0,2A+3T+2T,8.90,0.80,1,2,1,1,2,1,1,1,1,9.70
owg,2018,1,1,Mirai NAGASU,USA,7,1Lz,-,1,0,0,0,0,0,1Lz,0.66,-0.16,-3,-2,-3,0,-1,-1,-2,-1,-1,0.50
owg,2018,1,1,Elizabet TURSYNBAEVA,KAZ,1,3Lo,-,0,0,0,0,0,0,3Lo,5.10,0.70,1,1,1,1,1,2,1,0,1,5.80
owg,2018,1,1,Elizabet TURSYNBAEVA,KAZ,2,3Lz,-,0,0,0,0,0,0,3Lz,6.00,-2.10,-3,-3,-3,-3,-3,-3,-3,-3,-3,3.90
owg,2018,1,1,Elizabet TURSYNBAEVA,KAZ,3,3F,-,0,0,1,0,0,0,3F<,3.70,-0.70,-1,-1,-1,-1,-1,-1,-1,-1,-1,3.00
owg,2018,1,1,Elizabet TURSYNBAEVA,KAZ,4,FCSp,3,0,0,0,0,0,0,FCSp3,2.80,0.00,0,0,0,0,0,1,0,0,0,2.80
owg,2018,1,1,Elizabet TURSYNBAEVA,KAZ,5,ChSq,1,0,0,0,0,0,0,ChSq1,2.00,0.80,1,1,2,2,1,1,1,1,1,2.80
owg,2018,1,1,Elizabet TURSYNBAEVA,KAZ,6,3S+3T,-,0,0,0,0,0,0,3S+3T,8.70,0.80,1,2,1,1,1,2,1,1,0,9.50
owg,2018,1,1,Elizabet TURSYNBAEVA,KAZ,7,2A+3T,-,1,0,0,0,0,0,2A+3T,8.36,0.70,1,1,1,1,1,1,2,1,1,9.06
owg,2018,1,1,Loena HENDRICKX,BEL,1,3Lz,-,0,0,0,0,0,0,3Lz,6.00,1.00,1,1,1,2,2,1,2,2,1,7.00
owg,2018,1,1,Loena HENDRICKX,BEL,2,3F+2T,-,0,0,0,0,0,0,3F+2T,6.60,0.00,0,0,0,0,0,0,1,0,-1,6.60
owg,2018,1,1,Loena HENDRICKX,BEL,3,2A,-,0,0,0,0,0,0,2A,3.30,0.21,1,0,0,1,0,0,1,1,0,3.51
owg,2018,1,1,Loena HENDRICKX,BEL,4,3F,-,0,0,0,0,0,0,3F,5.30,0.40,-1,1,1,1,0,1,1,1,-1,5.70
owg,2018,1,1,Loena HENDRICKX,BEL,5,CCoSp,4,0,0,0,0,0,0,CCoSp4,3.50,0.79,1,2,1,2,1,2,2,2,1,4.29
owg,2018,1,1,Loena HENDRICKX,BEL,6,StSq,4,0,0,0,0,0,0,StSq4,3.90,1.20,2,2,1,2,1,2,2,2,1,5.10
owg,2018,1,1,Loena HENDRICKX,BEL,7,3S+2T+2Lo,-,1,0,0,0,0,0,3S+2T+2Lo,8.25,-0.10,0,0,-1,0,0,0,-1,0,0,8.15
owg,2018,1,1,Nicole RAJICOVA,SVK,1,2A+3T,-,0,0,0,0,0,0,2A+3T,7.60,0.70,1,1,1,1,1,1,1,0,1,8.30
owg,2018,1,1,Nicole RAJICOVA,SVK,2,3F,-,0,0,0,0,0,0,3F,5.30,0.70,1,2,1,1,1,1,1,1,1,6.00
owg,2018,1,1,Nicole RAJICOVA,SVK,3,3Lz+2T,-,0,0,1,0,0,0,3Lz<+2T,5.50,-0.80,-1,-2,-1,-1,-1,-2,-1,-1,-1,4.70
owg,2018,1,1,Nicole RAJICOVA,SVK,4,FCSp,4,0,0,0,0,0,0,FCSp4,3.20,0.64,1,2,1,2,1,1,2,1,1,3.84
owg,2018,1,1,Nicole RAJICOVA,SVK,5,ChSq,1,0,0,0,0,0,0,ChSq1,2.00,0.70,1,1,1,1,0,1,1,1,1,2.70
owg,2018,1,1,Nicole RAJICOVA,SVK,6,3Lz,-,1,0,1,0,0,0,3Lz<,4.62,-0.80,-1,-2,-1,-1,-1,-2,-1,-1,-1,3.82
owg,2018,1,1,Nicole RAJICOVA,SVK,7,3Lo+2T+2Lo,-,1,0,0,0,0,0,3Lo+2T+2Lo,9.02,0.10,1,1,0,0,0,0,-1,0,0,9.12
owg,2018,1,1,Kailani CRAINE,AUS,1,3Lz+2T,-,0,0,0,0,0,0,3Lz+2T,7.30,0.00,0,0,0,0,1,0,0,0,0,7.30
owg,2018,1,1,Kailani CRAINE,AUS,2,3F,-,0,0,0,0,0,0,3F,5.30,0.20,1,1,0,1,0,0,0,0,0,5.50
owg,2018,1,1,Kailani CRAINE,AUS,3,3Lz,-,0,0,1,0,0,0,3Lz<,4.20,-0.80,-1,-2,-1,-1,-1,-2,-1,-1,-1,3.40
owg,2018,1,1,Kailani CRAINE,AUS,4,FCCoSp,4,0,0,0,0,0,0,FCCoSp4,3.50,0.36,1,1,1,1,0,0,1,0,1,3.86
owg,2018,1,1,Kailani CRAINE,AUS,5,CCoSp,4,0,0,0,0,0,0,CCoSp4,3.50,0.29,1,0,1,1,1,0,0,0,1,3.79
owg,2018,1,1,Kailani CRAINE,AUS,6,3Lo+1Lo+3S,-,1,0,1,0,0,0,3Lo+1Lo+3S<,9.57,-0.70,-1,-1,-1,-1,-1,-1,-1,0,-1,8.87
owg,2018,1,1,Kailani CRAINE,AUS,7,3Lo,-,1,0,0,0,0,0,3Lo,5.61,0.40,1,1,0,1,1,1,0,0,0,6.01
owg,2018,1,1,Nicole SCHOTT,GER,1,3F,-,0,0,0,0,0,0,3F,5.30,0.90,2,1,1,1,2,1,2,1,1,6.20
owg,2018,1,1,Nicole SCHOTT,GER,2,3T+3T,-,0,0,0,0,0,0,3T+3T,8.60,0.00,0,0,-1,0,0,0,0,0,0,8.60
owg,2018,1,1,Nicole SCHOTT,GER,3,3F+REP,-,0,0,1,0,0,0,3F<+REP,2.59,-1.30,-2,-2,-1,-2,-1,-2,-2,-2,-2,1.29
owg,2018,1,1,Nicole SCHOTT,GER,4,3S+2T,-,0,0,0,0,0,0,3S+2T,5.70,-1.00,-2,-2,-2,-1,-1,-1,-1,-2,-1,4.70
owg,2018,1,1,Nicole SCHOTT,GER,5,3Lo,-,1,0,0,0,0,0,3Lo,5.61,-0.30,0,0,-1,0,-1,0,-1,-1,0,5.31
owg,2018,1,1,Nicole SCHOTT,GER,6,FCSp,4,0,0,0,0,0,0,FCSp4,3.20,0.50,1,1,1,1,1,1,1,0,1,3.70
owg,2018,1,1,Nicole SCHOTT,GER,7,StSq,4,0,0,0,0,0,0,StSq4,3.90,1.10,2,1,1,2,2,2,2,1,1,5.00
owg,2018,1,1,Mae Berenice MEITE,FRA,1,2A,-,0,0,0,0,0,0,2A,3.30,0.50,1,1,1,1,1,1,2,1,1,3.80
owg,2018,1,1,Mae Berenice MEITE,FRA,2,3F,-,0,0,0,0,0,0,3F,5.30,-0.40,-1,0,-1,0,-1,0,-1,0,-1,4.90
owg,2018,1,1,Mae Berenice MEITE,FRA,3,3Lz+2T,-,0,0,0,0,0,0,3Lz+2T,7.30,0.20,0,1,0,0,0,1,0,1,0,7.50
owg,2018,1,1,Mae Berenice MEITE,FRA,4,FCSp,4,0,0,0,0,0,0,FCSp4,3.20,0.07,1,0,0,0,0,0,1,0,0,3.27
owg,2018,1,1,Mae Berenice MEITE,FRA,5,StSq,3,0,0,0,0,0,0,StSq3,3.30,0.29,0,1,0,1,0,1,1,1,0,3.59
owg,2018,1,1,Mae Berenice MEITE,FRA,6,3Lo,-,1,0,0,0,0,0,3Lo,5.61,-0.20,-1,0,0,0,-1,0,0,0,-1,5.41
owg,2018,1,1,Mae Berenice MEITE,FRA,7,2A+3T,-,1,0,0,0,0,0,2A+3T,8.36,0.70,1,1,1,1,1,2,1,1,0,9.06
owg,2018,1,1,Gabrielle DALEMAN,CAN,1,3T+3T,-,0,0,0,0,0,0,3T+3T,8.60,-0.30,0,0,-1,-1,-1,0,1,0,-1,8.30
owg,2018,1,1,Gabrielle DALEMAN,CAN,2,3Lz,-,0,0,0,0,0,0,3Lz,6.00,-2.10,-3,-3,-3,-3,-3,-3,-3,-3,-3,3.90
owg,2018,1,1,Gabrielle DALEMAN,CAN,3,3F,-,0,0,0,1,0,0,3F,5.30,-1.50,-2,-2,-3,-2,-1,-2,-2,-3,-2,3.80
owg,2018,1,1,Gabrielle DALEMAN,CAN,4,FCSp,3,0,0,0,0,0,0,FCSp3,2.80,0.50,1,2,1,1,0,1,1,1,1,3.30
owg,2018,1,1,Gabrielle DALEMAN,CAN,5,LSp,3,0,0,0,0,0,0,LSp3,2.40,-0.09,0,-1,-1,0,-1,0,0,0,0,2.31
owg,2018,1,1,Gabrielle DALEMAN,CAN,6,3Lz+REP,-,1,0,0,0,0,0,3Lz+REP,4.62,-2.10,-3,-3,-3,-3,-3,-3,-3,-3,-3,2.52
owg,2018,1,1,Gabrielle DALEMAN,CAN,7,3Lo,-,1,0,1,0,0,0,3Lo<,3.96,-2.10,-3,-3,-3,-3,-3,-3,-3,-3,-3,1.86
owg,2018,1,1,Xiangning LI,CHN,1,3F+2T,-,0,0,0,0,0,0,3F+2T,6.60,0.40,1,1,0,1,1,0,1,0,0,7.00
owg,2018,1,1,Xiangning LI,CHN,2,3Lz+2T,-,0,0,0,0,0,0,3Lz+2T,7.30,0.10,1,0,0,0,1,0,0,0,0,7.40
owg,2018,1,1,Xiangning LI,CHN,3,3F,-,0,0,0,0,0,0,3F,5.30,-0.20,-1,0,-1,0,0,0,0,0,-1,5.10
owg,2018,1,1,Xiangning LI,CHN,4,ChSq,1,0,0,0,0,0,0,ChSq1,2.00,0.40,0,1,0,1,0,1,1,0,1,2.40
owg,2018,1,1,Xiangning LI,CHN,5,FCSp,4,0,0,0,0,0,0,FCSp4,3.20,0.71,1,1,2,1,2,1,2,2,1,3.91
owg,2018,1,1,Xiangning LI,CHN,6,3Lz,-,1,0,1,0,0,0,3Lz<,4.62,-0.70,-2,-1,-1,-1,0,-1,-1,-1,-1,3.92
owg,2018,1,1,Xiangning LI,CHN,7,2A+1Lo+3S,-,1,0,1,0,0,0,2A+1Lo<+3S<,7.48,-1.36,-3,-3,-3,-2,-2,-3,-3,-3,-2,6.12
owg,2018,1,1,Emmi PELTONEN,FIN,1,3T+3T,-,0,0,0,0,0,0,3T+3T,8.60,-0.60,-1,0,-1,-1,-1,1,-1,-1,-2,8.00
owg,2018,1,1,Emmi PELTONEN,FIN,2,3Lz,-,0,0,0,0,0,0,3Lz,6.00,-2.10,-3,-3,-3,-3,-3,-2,-3,-3,-3,3.90
owg,2018,1,1,Emmi PELTONEN,FIN,3,3Lo+2T,-,0,0,0,0,0,0,3Lo+2T,6.40,0.00,0,1,0,0,0,0,0,0,-1,6.40
owg,2018,1,1,Emmi PELTONEN,FIN,4,2A+1Lo+3S,-,0,0,1,0,0,0,2A+1Lo+3S<,6.90,-0.36,0,-1,-1,-1,0,-1,-1,-1,0,6.54
owg,2018,1,1,Emmi PELTONEN,FIN,5,2Lo,-,0,0,0,0,0,0,2Lo,1.80,0.00,0,0,0,0,-1,0,0,0,0,1.80
owg,2018,1,1,Emmi PELTONEN,FIN,6,LSp,2,0,0,0,0,0,0,LSp2,1.90,0.43,1,1,0,1,0,1,1,1,1,2.33
owg,2018,1,1,Emmi PELTONEN,FIN,7,1F,-,1,0,0,0,0,0,1F,0.55,-0.03,-1,0,0,0,0,-1,-1,0,0,0.52
owg,2018,1,1,Alexia PAGANINI,SUI,1,3Lz+3T,-,0,0,0,0,0,0,3Lz+3T,10.30,0.00,0,1,0,0,0,0,0,0,0,10.30
owg,2018,1,1,Alexia PAGANINI,SUI,2,1A+1Lo+3S,-,0,0,1,0,0,0,1A+1Lo<+3S<,4.60,-1.20,-2,-2,-2,-2,-1,-2,-1,-2,-1,3.40
owg,2018,1,1,Alexia PAGANINI,SUI,3,3Lo+2T,-,0,0,0,0,0,0,3Lo+2T,6.40,0.30,1,0,0,0,0,1,1,0,1,6.70
owg,2018,1,1,Alexia PAGANINI,SUI,4,FCCoSp,4,0,0,0,0,0,0,FCCoSp4,3.50,0.00,0,0,0,0,0,0,0,0,0,3.50
owg,2018,1,1,Alexia PAGANINI,SUI,5,ChSq,1,0,0,0,0,0,0,ChSq1,2.00,0.70,1,1,1,1,0,1,1,1,1,2.70
owg,2018,1,1,Alexia PAGANINI,SUI,6,3T,-,1,0,0,0,0,0,3T,4.73,0.70,1,1,1,1,1,1,2,1,1,5.43
owg,2018,1,1,Alexia PAGANINI,SUI,7,3Lo,-,1,0,1,0,0,0,3Lo<,3.96,-0.70,-1,-1,-1,-1,-1,-2,-1,-1,-1,3.26
owg,2018,1,1,Ivett TOTH,HUN,1,3Lz+2T,-,0,0,0,0,0,0,3Lz+2T,7.30,-0.60,-1,0,-1,-1,0,-1,-1,-1,-2,6.70
owg,2018,1,1,Ivett TOTH,HUN,2,3F,-,0,0,0,0,0,0,3F,5.30,-0.10,0,0,-1,0,0,0,0,0,-1,5.20
owg,2018,1,1,Ivett TOTH,HUN,3,3Lo,-,0,0,0,0,0,0,3Lo,5.10,-2.10,-3,-3,-3,-3,-3,-3,-3,-3,-3,3.00
owg,2018,1,1,Ivett TOTH,HUN,4,CCoSp,4,0,0,0,0,0,0,CCoSp4,3.50,0.00,0,0,0,0,0,0,-1,0,0,3.50
owg,2018,1,1,Ivett TOTH,HUN,5,3Lz,-,1,1,0,0,0,0,3Lz<<,2.31,-0.90,-3,-3,-3,-3,-3,-3,-3,-3,-3,1.41
owg,2018,1,1,Ivett TOTH,HUN,6,ChSq,1,0,0,0,0,0,0,ChSq1,2.00,0.40,0,0,1,1,0,1,1,0,1,2.40
owg,2018,1,1,Ivett TOTH,HUN,7,3T+1Lo+3S,-,1,0,1,0,0,0,3T+1Lo<+3S<,8.58,-1.10,-2,-2,-2,-2,-1,-2,-1,-1,-1,7.48
owg,2018,1,1,Isadora WILLIAMS,BRA,1,3Lz+2T,-,0,0,1,0,0,0,3Lz<+2T,5.50,-1.10,-2,-1,-2,-1,-1,-2,-2,-2,-1,4.40
owg,2018,1,1,Isadora WILLIAMS,BRA,2,2A+1Lo+2S,-,0,0,0,0,0,0,2A+1Lo+2S,5.10,-0.36,0,-1,-1,0,-1,-1,0,-1,-1,4.74
owg,2018,1,1,Isadora WILLIAMS,BRA,3,3F,-,0,0,0,0,1,0,3Fe<,3.20,-1.50,-3,-2,-2,-2,-2,-2,-3,-2,-2,1.70
owg,2018,1,1,Isadora WILLIAMS,BRA,4,LSp,4,0,0,0,0,0,0,LSp4,2.70,0.00,0,0,0,0,0,0,0,0,0,2.70
owg,2018,1,1,Isadora WILLIAMS,BRA,5,StSq,2,0,0,0,0,0,0,StSq2,2.60,0.43,1,1,1,1,1,0,1,1,0,3.03
owg,2018,1,1,Isadora WILLIAMS,BRA,6,3Lo,-,1,0,0,0,0,0,3Lo,5.61,0.30,0,1,0,1,0,1,1,0,0,5.91
owg,2018,1,1,Isadora WILLIAMS,BRA,7,3Lz,-,1,0,1,0,0,0,3Lz<,4.62,-2.10,-3,-3,-3,-3,-3,-3,-3,-3,-3,2.52
owg,2018,0,0,Yuzuru HANYU,JPN,1,4S,-,0,0,0,0,0,0,4S,10.50,2.71,3,2,3,3,3,2,3,3,2,13.21
owg,2018,0,0,Yuzuru HANYU,JPN,2,FCSp,4,0,0,0,0,0,0,FCSp4,3.20,1.00,2,2,2,2,2,2,2,3,2,4.20
owg,2018,0,0,Yuzuru HANYU,JPN,3,CSSp,4,0,0,0,0,0,0,CSSp4,3.00,1.43,2,3,3,3,3,2,3,3,3,4.43
owg,2018,0,0,Yuzuru HANYU,JPN,4,3A,-,1,0,0,0,0,0,3A,9.35,3.00,3,3,3,3,3,3,3,3,3,12.35
owg,2018,0,0,Yuzuru HANYU,JPN,5,4T+3T,-,1,0,0,0,0,0,4T+3T,16.06,2.57,3,2,2,3,2,2,3,3,3,18.63
owg,2018,0,0,Yuzuru HANYU,JPN,6,StSq,4,0,0,0,0,0,0,StSq4,3.90,2.10,2,3,3,3,3,3,3,3,3,6.00
owg,2018,0,0,Yuzuru HANYU,JPN,7,CCoSp,3,0,0,0,0,0,0,CCoSp3,3.00,1.36,2,3,2,3,3,3,2,3,3,4.36
owg,2018,0,0,Javier FERNANDEZ,ESP,1,4T+3T,-,0,0,0,0,0,0,4T+3T,14.60,2.00,2,2,2,2,2,2,2,2,2,16.60
owg,2018,0,0,Javier FERNANDEZ,ESP,2,4S,-,0,0,0,0,0,0,4S,10.50,2.71,3,3,2,3,3,3,2,3,2,13.21
owg,2018,0,0,Javier FERNANDEZ,ESP,3,FUSp,4,0,0,0,0,0,0,FUSp4,2.90,0.50,2,1,2,1,0,2,0,1,0,3.40
owg,2018,0,0,Javier FERNANDEZ,ESP,4,3A,-,1,0,0,0,0,0,3A,9.35,2.43,3,3,2,3,2,2,2,3,2,11.78
owg,2018,0,0,Javier FERNANDEZ,ESP,5,CSSp,4,0,0,0,0,0,0,CSSp4,3.00,1.29,3,2,3,3,2,3,2,3,2,4.29
owg,2018,0,0,Javier FERNANDEZ,ESP,6,StSq,4,0,0,0,0,0,0,StSq4,3.90,1.90,3,2,3,3,2,3,3,3,2,5.80
owg,2018,0,0,Javier FERNANDEZ,ESP,7,CCoSp,4,0,0,0,0,0,0,CCoSp4,3.50,1.21,3,3,2,2,2,2,3,3,2,4.71
owg,2018,0,0,Shoma UNO,JPN,1,4F,-,0,0,0,0,0,0,4F,12.30,1.43,0,1,2,2,1,1,2,2,1,13.73
owg,2018,0,0,Shoma UNO,JPN,2,FCSp,4,0,0,0,0,0,0,FCSp4,3.20,0.93,1,2,2,2,2,1,2,2,2,4.13
owg,2018,0,0,Shoma UNO,JPN,3,StSq,3,0,0,0,0,0,0,StSq3,3.30,1.07,2,2,3,3,2,1,2,2,2,4.37
owg,2018,0,0,Shoma UNO,JPN,4,4T+3T,-,1,0,0,0,0,0,4T+3T,16.06,1.14,1,1,2,2,1,1,1,1,1,17.20
owg,2018,0,0,Shoma UNO,JPN,5,3A,-,1,0,0,0,0,0,3A,9.35,0.71,0,1,2,1,0,1,1,1,-1,10.06
owg,2018,0,0,Shoma UNO,JPN,6,CSSp,4,0,0,0,0,0,0,CSSp4,3.00,1.00,2,2,3,2,2,2,0,2,2,4.00
owg,2018,0,0,Shoma UNO,JPN,7,CCoSp,4,0,0,0,0,0,0,CCoSp4,3.50,1.14,3,2,2,2,3,2,2,3,2,4.64
owg,2018,0,0,Boyang JIN,CHN,1,4Lz+3T,-,0,0,0,0,0,0,4Lz+3T,17.90,1.86,3,1,2,2,1,1,2,2,3,19.76
owg,2018,0,0,Boyang JIN,CHN,2,4T,-,0,0,0,0,0,0,4T,10.30,1.14,-1,1,1,2,0,1,2,1,2,11.44
owg,2018,0,0,Boyang JIN,CHN,3,FCSp,4,0,0,0,0,0,0,FCSp4,3.20,0.79,1,2,2,2,1,1,1,2,3,3.99
owg,2018,0,0,Boyang JIN,CHN,4,3A,-,1,0,0,0,0,0,3A,9.35,2.14,2,2,3,2,2,1,2,2,3,11.49
owg,2018,0,0,Boyang JIN,CHN,5,CSSp,4,0,0,0,0,0,0,CSSp4,3.00,0.79,1,2,2,2,2,1,1,1,3,3.79
owg,2018,0,0,Boyang JIN,CHN,6,CCoSp,4,0,0,0,0,0,0,CCoSp4,3.50,1.00,2,2,3,2,1,1,2,2,3,4.50
owg,2018,0,0,Boyang JIN,CHN,7,StSq,4,0,0,0,0,0,0,StSq4,3.90,1.40,2,2,3,3,1,1,2,1,3,5.30
owg,2018,0,0,Dmitri ALIEV,OAR,1,4Lz+3T,-,0,0,0,0,0,0,4Lz+3T,17.90,1.57,1,1,2,2,2,2,2,1,1,19.47
owg,2018,0,0,Dmitri ALIEV,OAR,2,4T,-,0,0,0,0,0,0,4T,10.30,1.29,1,1,2,1,1,1,2,2,1,11.59
owg,2018,0,0,Dmitri ALIEV,OAR,3,FCSp,4,0,0,0,0,0,0,FCSp4,3.20,0.43,1,1,0,1,1,1,0,1,1,3.63
owg,2018,0,0,Dmitri ALIEV,OAR,4,3A,-,1,0,0,0,0,0,3A,9.35,1.00,0,2,1,1,1,1,2,0,1,10.35
owg,2018,0,0,Dmitri ALIEV,OAR,5,CSSp,4,0,0,0,0,0,0,CSSp4,3.00,0.71,1,1,2,2,1,2,1,2,1,3.71
owg,2018,0,0,Dmitri ALIEV,OAR,6,StSq,3,0,0,0,0,0,0,StSq3,3.30,0.79,0,1,1,2,2,2,2,2,1,4.09
owg,2018,0,0,Dmitri ALIEV,OAR,7,CCoSp,4,0,0,0,0,0,0,CCoSp4,3.50,0.64,1,1,2,1,2,1,2,1,1,4.14
owg,2018,0,0,Patrick CHAN,CAN,1,4T,-,0,0,0,0,0,0,4T,10.30,1.00,-1,0,1,2,0,0,3,2,2,11.30
owg,2018,0,0,Patrick CHAN,CAN,2,3Lz+3T,-,0,0,0,0,0,0,3Lz+3T,10.30,1.40,3,2,2,2,1,2,2,2,2,11.70
owg,2018,0,0,Patrick CHAN,CAN,3,CCSp,4,0,0,0,0,0,0,CCSp4,3.20,1.07,2,2,2,2,2,2,3,3,2,4.27
owg,2018,0,0,Patrick CHAN,CAN,4,3A,-,1,0,1,0,0,0,3A<,6.49,-3.00,-3,-3,-3,-3,-3,-3,-3,-3,-3,3.49
owg,2018,0,0,Patrick CHAN,CAN,5,StSq,4,0,0,0,0,0,0,StSq4,3.90,1.90,3,3,3,3,2,2,3,3,2,5.80
owg,2018,0,0,Patrick CHAN,CAN,6,FSSp,3,0,0,0,0,0,0,FSSp3,2.60,1.21,2,3,3,3,2,1,2,3,2,3.81
owg,2018,0,0,Patrick CHAN,CAN,7,CCoSp,4,0,0,0,0,0,0,CCoSp4,3.50,1.21,3,3,2,2,2,2,3,3,2,4.71
owg,2018,0,0,Adam RIPPON,USA,1,3F+3T,-,0,0,0,0,0,0,3F+3T,9.60,0.60,1,1,1,1,0,0,1,1,1,10.20
owg,2018,0,0,Adam RIPPON,USA,2,3A,-,0,0,0,0,0,0,3A,8.50,-0.29,0,0,0,0,0,-1,-1,0,-1,8.21
owg,2018,0,0,Adam RIPPON,USA,3,FCSp,4,0,0,0,0,0,0,FCSp4,3.20,1.07,3,2,2,2,2,2,2,3,2,4.27
owg,2018,0,0,Adam RIPPON,USA,4,3Lz,-,1,0,0,0,0,0,3Lz,6.60,0.70,1,1,2,1,1,0,1,1,1,7.30
owg,2018,0,0,Adam RIPPON,USA,5,CSSp,4,0,0,0,0,0,0,CSSp4,3.00,1.07,2,2,3,2,2,2,2,3,2,4.07
owg,2018,0,0,Adam RIPPON,USA,6,StSq,4,0,0,0,0,0,0,StSq4,3.90,1.60,3,2,3,3,2,2,2,2,2,5.50
owg,2018,0,0,Adam RIPPON,USA,7,CCoSp,4,0,0,0,0,0,0,CCoSp4,3.50,1.43,3,2,3,2,3,3,3,3,3,4.93
owg,2018,0,0,Mikhail KOLYADA,OAR,1,3Lz,-,0,0,0,0,0,0,3Lz,6.00,1.40,0,2,2,3,3,1,2,3,1,7.40
owg,2018,0,0,Mikhail KOLYADA,OAR,2,4T+COMBO,-,0,0,0,0,0,0,4T+COMBO,10.30,-4.00,-3,-3,-3,-3,-3,-3,-3,-3,-3,6.30
owg,2018,0,0,Mikhail KOLYADA,OAR,3,FSSp,4,0,0,0,0,0,0,FSSp4,3.00,1.07,2,2,2,3,1,2,2,3,2,4.07
owg,2018,0,0,Mikhail KOLYADA,OAR,4,3A,-,1,0,0,0,0,0,3A,9.35,2.14,2,2,2,3,2,2,3,2,2,11.49
owg,2018,0,0,Mikhail KOLYADA,OAR,5,CCSp,4,0,0,0,0,0,0,CCSp4,3.20,1.21,2,3,3,2,2,2,3,3,2,4.41
owg,2018,0,0,Mikhail KOLYADA,OAR,6,StSq,4,0,0,0,0,0,0,StSq4,3.90,1.70,2,3,2,3,3,2,3,2,2,5.60
owg,2018,0,0,Mikhail KOLYADA,OAR,7,CCoSp,4,0,0,0,0,0,0,CCoSp4,3.50,1.07,2,2,2,3,2,2,2,3,2,4.57
owg,2018,0,0,Michal BREZINA,CZE,1,4S+2T,-,0,0,0,0,0,0,4S+2T,11.80,0.00,0,0,0,0,0,0,1,0,0,11.80
owg,2018,0,0,Michal BREZINA,CZE,2,3A,-,0,0,0,0,0,0,3A,8.50,1.43,2,2,2,2,1,1,1,1,1,9.93
owg,2018,0,0,Michal BREZINA,CZE,3,FSSp,4,0,0,0,0,0,0,FSSp4,3.00,0.93,2,2,2,2,2,1,2,1,2,3.93
owg,2018,0,0,Michal BREZINA,CZE,4,CCSp,4,0,0,0,0,0,0,CCSp4,3.20,0.71,1,2,2,1,2,2,1,1,1,3.91
owg,2018,0,0,Michal BREZINA,CZE,5,3F,-,1,0,0,0,0,0,3F,5.83,1.00,1,2,2,0,2,2,2,1,-1,6.83
owg,2018,0,0,Michal BREZINA,CZE,6,StSq,3,0,0,0,0,0,0,StSq3,3.30,0.93,2,3,2,2,2,1,2,1,2,4.23
owg,2018,0,0,Michal BREZINA,CZE,7,CCoSp,3,0,0,0,0,0,0,CCoSp3,3.00,0.71,2,1,1,2,2,1,1,2,1,3.71
owg,2018,0,0,Keegan MESSING,CAN,1,4T+3T,-,0,0,0,0,0,0,4T+3T,14.60,1.43,2,2,2,1,1,1,2,1,1,16.03
owg,2018,0,0,Keegan MESSING,CAN,2,3A,-,0,0,0,0,0,0,3A,8.50,-3.00,-3,-3,-3,-3,-3,-3,-3,-3,-3,5.50
owg,2018,0,0,Keegan MESSING,CAN,3,FCSp,4,0,0,0,0,0,0,FCSp4,3.20,1.14,3,2,3,2,2,2,2,3,2,4.34
owg,2018,0,0,Keegan MESSING,CAN,4,CSSp,4,0,0,0,0,0,0,CSSp4,3.00,1.00,2,2,3,2,1,2,2,2,2,4.00
owg,2018,0,0,Keegan MESSING,CAN,5,StSq,2,0,0,0,0,0,0,StSq2,2.60,0.86,2,3,2,2,1,1,2,1,2,3.46
owg,2018,0,0,Keegan MESSING,CAN,6,3Lz,-,1,0,0,0,0,0,3Lz,6.60,1.50,2,3,2,1,2,2,3,2,2,8.10
owg,2018,0,0,Keegan MESSING,CAN,7,CCoSp,4,0,0,0,0,0,0,CCoSp4,3.50,0.57,2,2,2,2,0,0,-1,1,1,4.07
owg,2018,0,0,Jorik HENDRICKX,BEL,1,3A,-,0,0,0,0,0,0,3A,8.50,1.00,1,1,2,1,1,0,1,1,1,9.50
owg,2018,0,0,Jorik HENDRICKX,BEL,2,CSSp,4,0,0,0,0,0,0,CSSp4,3.00,0.36,1,1,2,1,0,0,1,0,1,3.36
owg,2018,0,0,Jorik HENDRICKX,BEL,3,CCoSp,4,0,0,0,0,0,0,CCoSp4,3.50,0.71,2,1,2,1,1,1,2,2,1,4.21
owg,2018,0,0,Jorik HENDRICKX,BEL,4,3Lz+3T,-,1,0,0,0,0,0,3Lz+3T,11.33,0.90,2,1,1,1,1,1,2,2,1,12.23
owg,2018,0,0,Jorik HENDRICKX,BEL,5,3Lo,-,1,0,0,0,0,0,3Lo,5.61,0.90,1,2,2,1,1,1,1,3,1,6.51
owg,2018,0,0,Jorik HENDRICKX,BEL,6,StSq,3,0,0,0,0,0,0,StSq3,3.30,1.00,2,2,3,2,1,2,2,2,2,4.30
owg,2018,0,0,Jorik HENDRICKX,BEL,7,FCSp,4,0,0,0,0,0,0,FCSp4,3.20,0.86,1,2,2,2,1,1,2,3,2,4.06
owg,2018,0,0,Vincent ZHOU,USA,1,4Lz+3T,-,0,0,1,0,0,0,4Lz+3T<,16.60,-1.03,-1,-1,0,-1,0,-1,-2,-1,-1,15.57
owg,2018,0,0,Vincent ZHOU,USA,2,4F,-,0,0,0,0,0,0,4F,12.30,-2.86,-2,-2,-2,-3,-2,-2,-3,-3,-2,9.44
owg,2018,0,0,Vincent ZHOU,USA,3,FCSp,4,0,0,0,0,0,0,FCSp4,3.20,0.50,1,1,1,1,1,1,1,1,1,3.70
owg,2018,0,0,Vincent ZHOU,USA,4,3A,-,1,0,0,0,0,0,3A,9.35,-1.00,-1,-1,0,-2,-1,-1,-1,-1,-1,8.35
owg,2018,0,0,Vincent ZHOU,USA,5,StSq,3,0,0,0,0,0,0,StSq3,3.30,0.57,1,1,2,1,1,1,1,1,2,3.87
owg,2018,0,0,Vincent ZHOU,USA,6,CSSp,4,0,0,0,0,0,0,CSSp4,3.00,0.64,1,1,2,2,1,0,2,1,1,3.64
owg,2018,0,0,Vincent ZHOU,USA,7,CCoSp,4,0,0,0,0,0,0,CCoSp4,3.50,0.43,0,1,2,1,1,1,1,-1,1,3.93
owg,2018,0,0,Alexei BYCHENKO,ISR,1,3A,-,0,0,0,0,0,0,3A,8.50,1.43,1,2,2,2,1,2,1,1,1,9.93
owg,2018,0,0,Alexei BYCHENKO,ISR,2,4T,-,0,0,0,0,0,0,4T,10.30,0.14,0,0,1,0,0,1,0,0,-1,10.44
owg,2018,0,0,Alexei BYCHENKO,ISR,3,CCoSp3V,-,0,0,0,0,0,0,CCoSp3V,2.50,0.21,0,0,1,1,0,1,1,0,0,2.71
owg,2018,0,0,Alexei BYCHENKO,ISR,4,3Lz+3T,-,1,0,0,0,0,0,3Lz+3T,11.33,-0.70,-1,-1,0,-1,-1,-1,-1,-1,-1,10.63
owg,2018,0,0,Alexei BYCHENKO,ISR,5,FCSp,3,0,0,0,0,0,0,FCSp3,2.80,0.29,0,1,1,1,0,1,0,0,1,3.09
owg,2018,0,0,Alexei BYCHENKO,ISR,6,StSq,3,0,0,0,0,0,0,StSq3,3.30,0.79,1,2,2,2,2,2,1,1,1,4.09
owg,2018,0,0,Alexei BYCHENKO,ISR,7,CSSp,3,0,0,0,0,0,0,CSSp3,2.60,0.14,0,0,1,1,0,1,-1,0,0,2.74
owg,2018,0,0,Misha GE,UZB,1,3A,-,0,0,0,0,0,0,3A,8.50,0.57,0,1,0,1,1,1,0,0,1,9.07
owg,2018,0,0,Misha GE,UZB,2,3Lz+3T,-,0,0,0,0,0,0,3Lz+3T,10.30,0.90,1,1,1,2,1,1,2,2,1,11.20
owg,2018,0,0,Misha GE,UZB,3,CCSp,3,0,0,0,0,0,0,CCSp3,2.80,0.64,0,1,2,2,2,1,1,1,1,3.44
owg,2018,0,0,Misha GE,UZB,4,3F,-,1,0,0,0,0,0,3F,5.83,0.10,0,0,0,0,0,0,0,1,1,5.93
owg,2018,0,0,Misha GE,UZB,5,FSSp,3,0,0,0,0,0,0,FSSp3,2.60,0.57,1,1,1,2,1,1,1,2,1,3.17
owg,2018,0,0,Misha GE,UZB,6,StSq,3,0,0,0,0,0,0,StSq3,3.30,1.21,2,2,2,3,3,2,3,2,3,4.51
owg,2018,0,0,Misha GE,UZB,7,CCoSp,4,0,0,0,0,0,0,CCoSp4,3.50,0.93,2,2,2,1,2,2,1,3,2,4.43
owg,2018,0,0,Junhwan CHA,KOR,1,3F+3T,-,0,0,0,0,0,0,3F+3T,9.60,1.30,2,2,2,1,3,1,2,2,2,10.90
owg,2018,0,0,Junhwan CHA,KOR,2,3A,-,0,0,0,0,0,0,3A,8.50,1.00,1,1,2,1,1,0,1,1,1,9.50
owg,2018,0,0,Junhwan CHA,KOR,3,CCoSp,4,0,0,0,0,0,0,CCoSp4,3.50,1.00,2,2,3,2,2,1,2,3,1,4.50
owg,2018,0,0,Junhwan CHA,KOR,4,3Lz,-,1,0,0,0,0,0,3Lz,6.60,1.20,2,2,2,1,2,1,0,2,2,7.80
owg,2018,0,0,Junhwan CHA,KOR,5,FCSp,4,0,0,0,0,0,0,FCSp4,3.20,0.36,1,1,1,1,1,0,0,0,2,3.56
owg,2018,0,0,Junhwan CHA,KOR,6,StSq,2,0,0,0,0,0,0,StSq2,2.60,0.86,2,2,2,1,1,1,2,2,2,3.46
owg,2018,0,0,Junhwan CHA,KOR,7,CSSp,4,0,0,0,0,0,0,CSSp4,3.00,1.07,2,2,3,2,2,2,1,3,2,4.07
owg,2018,0,0,Brendan KERRY,AUS,1,4T,-,0,0,0,0,0,0,4T,10.30,0.57,1,0,2,0,1,1,0,1,0,10.87
owg,2018,0,0,Brendan KERRY,AUS,2,3Lz+3T,-,0,0,0,0,0,0,3Lz+3T,10.30,0.90,2,1,2,1,1,1,1,2,1,11.20
owg,2018,0,0,Brendan KERRY,AUS,3,CCSp,4,0,0,0,0,0,0,CCSp4,3.20,0.43,1,1,2,1,1,0,-1,1,1,3.63
owg,2018,0,0,Brendan KERRY,AUS,4,3A,-,1,0,0,0,0,0,3A,9.35,-0.57,0,0,0,-1,-1,-1,-1,0,-1,8.78
owg,2018,0,0,Brendan KERRY,AUS,5,StSq,3,0,0,0,0,0,0,StSq3,3.30,0.50,1,1,1,1,2,1,1,1,1,3.80
owg,2018,0,0,Brendan KERRY,AUS,6,FSSp,4,0,0,0,0,0,0,FSSp4,3.00,0.71,2,1,2,1,2,1,1,1,2,3.71
owg,2018,0,0,Brendan KERRY,AUS,7,CCoSp,3,0,0,0,0,0,0,CCoSp3,3.00,0.50,0,1,2,1,2,1,1,1,0,3.50
owg,2018,0,0,Nathan CHEN,USA,1,4Lz+COMBO,-,0,0,0,0,0,0,4Lz+COMBO,13.60,-4.00,-3,-3,-3,-3,-3,-3,-3,-3,-3,9.60
owg,2018,0,0,Nathan CHEN,USA,2,FSSp,3,0,0,0,0,0,0,FSSp3,2.60,0.64,1,1,2,2,2,0,0,1,2,3.24
owg,2018,0,0,Nathan CHEN,USA,3,CCSp,4,0,0,0,0,0,0,CCSp4,3.20,0.71,1,1,2,2,2,1,1,1,2,3.91
owg,2018,0,0,Nathan CHEN,USA,4,4T,-,1,0,0,0,0,0,4T,11.33,-2.63,-3,-2,-2,-2,-2,-2,-2,-2,-3,8.70
owg,2018,0,0,Nathan CHEN,USA,5,3A,-,1,0,0,0,0,0,3A,9.35,-3.00,-3,-3,-2,-3,-3,-3,-3,-3,-3,6.35
owg,2018,0,0,Nathan CHEN,USA,6,StSq,4,0,0,0,0,0,0,StSq4,3.90,1.40,2,2,3,2,1,1,3,2,2,5.30
owg,2018,0,0,Nathan CHEN,USA,7,CCoSp,4,0,0,0,0,0,0,CCoSp4,3.50,0.79,2,1,1,2,0,1,2,3,2,4.29
owg,2018,0,0,Daniel SAMOHIN,ISR,1,4T+3T,-,0,0,0,0,0,0,4T+3T,14.60,1.14,2,1,1,1,1,1,1,2,1,15.74
owg,2018,0,0,Daniel SAMOHIN,ISR,2,4S,-,0,0,0,0,0,0,4S,10.50,-0.86,-2,-1,0,-1,-1,0,-1,-1,0,9.64
owg,2018,0,0,Daniel SAMOHIN,ISR,3,CCoSp,4,0,0,0,0,0,0,CCoSp4,3.50,0.50,1,1,1,1,1,1,1,1,1,4.00
owg,2018,0,0,Daniel SAMOHIN,ISR,4,3A,-,1,0,1,0,0,0,3A<,6.49,-3.00,-3,-3,-3,-3,-3,-3,-3,-3,-3,3.49
owg,2018,0,0,Daniel SAMOHIN,ISR,5,StSq,3,0,0,0,0,0,0,StSq3,3.30,0.86,1,2,2,2,2,1,2,1,2,4.16
owg,2018,0,0,Daniel SAMOHIN,ISR,6,FCSp,3,0,0,0,0,0,0,FCSp3,2.80,0.50,0,2,2,0,2,1,0,1,1,3.30
owg,2018,0,0,Daniel SAMOHIN,ISR,7,CSSp,3,0,0,0,0,0,0,CSSp3,2.60,0.36,0,1,1,1,1,1,0,0,1,2.96
owg,2018,0,0,Han YAN,CHN,1,3A,-,0,0,0,0,0,0,3A,8.50,3.00,3,3,2,3,3,3,3,3,3,11.50
owg,2018,0,0,Han YAN,CHN,2,4T,-,0,0,0,0,0,0,4T,10.30,-4.00,-3,-3,-3,-3,-3,-3,-3,-3,-3,6.30
owg,2018,0,0,Han YAN,CHN,3,FCSp,3,0,0,0,0,0,0,FCSp3,2.80,0.64,2,1,1,2,1,1,0,1,2,3.44
owg,2018,0,0,Han YAN,CHN,4,3Lz+2T,-,1,0,0,0,0,0,3Lz+2T,8.03,-1.30,-2,-1,-1,-2,-2,-2,-2,-2,-2,6.73
owg,2018,0,0,Han YAN,CHN,5,CSSp,4,0,0,0,0,0,0,CSSp4,3.00,0.71,1,1,1,2,2,1,0,2,2,3.71
owg,2018,0,0,Han YAN,CHN,6,StSq,4,0,0,0,0,0,0,StSq4,3.90,1.20,2,1,2,2,2,1,2,1,3,5.10
owg,2018,0,0,Han YAN,CHN,7,CCoSp,4,0,0,0,0,0,0,CCoSp4,3.50,0.71,1,1,2,1,2,1,1,2,2,4.21
owg,2018,0,0,Keiji TANAKA,JPN,1,4S,-,0,0,1,0,0,0,4S<,8.10,-4.00,-3,-3,-3,-3,-3,-3,-3,-3,-3,4.10
owg,2018,0,0,Keiji TANAKA,JPN,2,3F+3T,-,0,0,0,0,0,0,3F+3T,9.60,1.40,2,2,2,2,2,2,2,2,2,11.00
owg,2018,0,0,Keiji TANAKA,JPN,3,FCSp,3,0,0,0,0,0,0,FCSp3,2.80,0.43,1,1,0,1,1,1,0,1,1,3.23
owg,2018,0,0,Keiji TANAKA,JPN,4,CSSp,4,0,0,0,0,0,0,CSSp4,3.00,0.10,0,0,1,1,0,0,-1,-1,1,3.10
owg,2018,0,0,Keiji TANAKA,JPN,5,3A,-,1,0,0,0,0,0,3A,9.35,1.00,1,1,2,1,1,0,2,0,1,10.35
owg,2018,0,0,Keiji TANAKA,JPN,6,StSq,3,0,0,0,0,0,0,StSq3,3.30,0.93,2,2,2,2,2,1,2,1,2,4.23
owg,2018,0,0,Keiji TANAKA,JPN,7,CCoSp,4,0,0,0,0,0,0,CCoSp4,3.50,0.79,2,2,2,1,1,1,1,2,2,4.29
owg,2018,0,0,Deniss VASILJEVS,LAT,1,3Lz+3T,-,0,0,0,0,0,0,3Lz+3T,10.30,1.10,3,1,1,1,2,1,2,2,2,11.40
owg,2018,0,0,Deniss VASILJEVS,LAT,2,3A,-,0,0,1,0,0,0,3A<,5.90,-3.00,-3,-3,-3,-3,-3,-3,-3,-3,-3,2.90
owg,2018,0,0,Deniss VASILJEVS,LAT,3,CCSp,4,0,0,0,0,0,0,CCSp4,3.20,0.71,1,1,2,1,2,1,1,2,2,3.91
owg,2018,0,0,Deniss VASILJEVS,LAT,4,3F,-,1,0,0,0,0,0,3F,5.83,1.30,2,2,2,1,1,2,2,2,2,7.13
owg,2018,0,0,Deniss VASILJEVS,LAT,5,CCoSp,4,0,0,0,0,0,0,CCoSp4,3.50,0.79,2,1,1,1,2,1,2,2,2,4.29
owg,2018,0,0,Deniss VASILJEVS,LAT,6,StSq,4,0,0,0,0,0,0,StSq4,3.90,1.60,3,2,3,2,2,1,2,2,3,5.50
owg,2018,0,0,Deniss VASILJEVS,LAT,7,FSSp,4,0,0,0,0,0,0,FSSp4,3.00,1.21,3,3,3,2,2,2,2,3,2,4.21
owg,2018,0,0,Morisi KVITELASHVILI,GEO,1,3A,-,0,0,0,0,0,0,3A,8.50,1.43,1,2,1,2,0,2,2,1,1,9.93
owg,2018,0,0,Morisi KVITELASHVILI,GEO,2,4S,-,0,0,1,0,0,0,4S<,8.10,-4.00,-3,-3,-3,-3,-3,-3,-3,-3,-3,4.10
owg,2018,0,0,Morisi KVITELASHVILI,GEO,3,FCSp,4,0,0,0,0,0,0,FCSp4,3.20,0.36,1,1,1,1,1,0,0,0,1,3.56
owg,2018,0,0,Morisi KVITELASHVILI,GEO,4,CSSp,4,0,0,0,0,0,0,CSSp4,3.00,0.57,2,1,2,2,0,1,0,1,1,3.57
owg,2018,0,0,Morisi KVITELASHVILI,GEO,5,4T+2T,-,1,0,0,0,0,0,4T+2T,12.76,-0.34,0,0,0,0,-1,0,0,-1,-1,12.42
owg,2018,0,0,Morisi KVITELASHVILI,GEO,6,StSq,3,0,0,0,0,0,0,StSq3,3.30,0.50,2,1,1,1,1,1,1,0,1,3.80
owg,2018,0,0,Morisi KVITELASHVILI,GEO,7,CCoSp,3,0,0,0,0,0,0,CCoSp3,3.00,0.50,1,1,1,1,1,1,1,2,1,3.50
owg,2018,0,0,Matteo RIZZO,ITA,1,3A,-,0,0,0,0,0,0,3A,8.50,2.00,2,2,2,2,2,1,2,2,2,10.50
owg,2018,0,0,Matteo RIZZO,ITA,2,3F,-,0,0,0,0,0,0,3F,5.30,-0.40,-1,-1,-1,0,-1,-1,1,0,0,4.90
owg,2018,0,0,Matteo RIZZO,ITA,3,CCSp,4,0,0,0,0,0,0,CCSp4,3.20,0.06,0,0,1,1,-1,0,1,-2,-1,3.26
owg,2018,0,0,Matteo RIZZO,ITA,4,3Lz+2T,-,1,0,0,0,0,0,3Lz+2T,8.03,0.10,0,1,1,0,0,0,0,-1,0,8.13
owg,2018,0,0,Matteo RIZZO,ITA,5,FSSp,4,0,0,0,0,0,0,FSSp4,3.00,0.50,1,1,2,1,0,1,1,1,1,3.50
owg,2018,0,0,Matteo RIZZO,ITA,6,StSq,4,0,0,0,0,0,0,StSq4,3.90,0.90,1,1,1,2,1,2,2,0,1,4.80
owg,2018,0,0,Matteo RIZZO,ITA,7,CCoSp,4,0,0,0,0,0,0,CCoSp4,3.50,0.64,1,1,2,1,1,2,2,0,1,4.14
owg,2018,0,0,Paul FENTZ,GER,1,3T+3T,-,0,0,0,0,0,0,3T+3T,8.60,0.90,2,1,1,1,2,1,2,1,0,9.50
owg,2018,0,0,Paul FENTZ,GER,2,3A,-,0,0,0,0,0,0,3A,8.50,-0.29,0,0,1,-1,-1,0,0,0,-1,8.21
owg,2018,0,0,Paul FENTZ,GER,3,FCSp,4,0,0,0,0,0,0,FCSp4,3.20,0.21,1,1,0,0,0,1,0,0,1,3.41
owg,2018,0,0,Paul FENTZ,GER,4,StSq,2,0,0,0,0,0,0,StSq2,2.60,0.57,1,1,2,1,1,1,2,1,1,3.17
owg,2018,0,0,Paul FENTZ,GER,5,3Lz,-,1,0,0,0,0,0,3Lz,6.60,0.20,0,0,1,0,0,0,1,1,-1,6.80
owg,2018,0,0,Paul FENTZ,GER,6,CSSp,4,0,0,0,0,0,0,CSSp4,3.00,0.21,0,0,1,1,0,1,0,0,1,3.21
owg,2018,0,0,Paul FENTZ,GER,7,CCoSp,4,0,0,0,0,0,0,CCoSp4,3.50,-0.09,0,0,0,-1,0,0,-1,-1,0,3.41
owg,2018,0,0,Julian Zhi Jie YEE,MAS,1,3A,-,0,0,0,0,0,0,3A,8.50,0.71,0,1,1,1,1,0,1,1,0,9.21
owg,2018,0,0,Julian Zhi Jie YEE,MAS,2,3Lz,-,0,0,0,0,0,0,3Lz,6.00,0.10,0,1,-1,0,-1,0,1,0,1,6.10
owg,2018,0,0,Julian Zhi Jie YEE,MAS,3,FCSp,4,0,0,0,0,0,0,FCSp4,3.20,0.03,1,0,0,0,-1,0,0,-1,1,3.23
owg,2018,0,0,Julian Zhi Jie YEE,MAS,4,3F+3T,-,1,0,0,1,0,0,3F+3T,10.56,-1.70,-3,-2,-2,-3,-2,-3,-1,-3,-2,8.86
owg,2018,0,0,Julian Zhi Jie YEE,MAS,5,CSSp,4,0,0,0,0,0,0,CSSp4,3.00,0.03,0,0,0,1,-1,0,1,-2,0,3.03
owg,2018,0,0,Julian Zhi Jie YEE,MAS,6,StSq,3,0,0,0,0,0,0,StSq3,3.30,0.50,1,1,2,1,0,1,2,0,1,3.80
owg,2018,0,0,Julian Zhi Jie YEE,MAS,7,CCoSp,4,0,0,0,0,0,0,CCoSp4,3.50,0.64,1,1,2,1,1,1,2,2,1,4.14
owg,2018,0,0,Chafik BESSEGHIER,FRA,1,3T+3T,-,0,0,0,0,0,0,3T+3T,8.60,0.50,2,1,1,1,0,1,1,0,0,9.10
owg,2018,0,0,Chafik BESSEGHIER,FRA,2,3A,-,0,0,0,0,0,0,3A,8.50,0.29,1,0,1,0,0,0,1,0,0,8.79
owg,2018,0,0,Chafik BESSEGHIER,FRA,3,FCSp,3,0,0,0,0,0,0,FCSp3,2.80,0.03,0,0,1,-1,0,0,0,-1,1,2.83
owg,2018,0,0,Chafik BESSEGHIER,FRA,4,3Lz,-,1,0,0,0,0,0,3Lz,6.60,0.70,1,1,1,1,1,0,1,1,1,7.30
owg,2018,0,0,Chafik BESSEGHIER,FRA,5,CCoSp,4,0,0,0,0,0,0,CCoSp4,3.50,0.43,1,1,1,1,0,1,0,1,1,3.93
owg,2018,0,0,Chafik BESSEGHIER,FRA,6,StSq,2,0,0,0,0,0,0,StSq2,2.60,0.50,1,1,2,1,0,1,1,1,1,3.10
owg,2018,0,0,Chafik BESSEGHIER,FRA,7,CSSp,4,0,0,0,0,0,0,CSSp4,3.00,0.36,0,1,1,1,-1,1,1,0,1,3.36
owg,2018,0,0,Denis TEN,KAZ,1,2S,-,0,0,0,0,0,1,2S*,0.00,0.00,-,-,-,-,-,-,-,-,-,0.00
owg,2018,0,0,Denis TEN,KAZ,2,3A,-,0,0,0,0,0,0,3A,8.50,1.71,2,1,2,2,1,2,2,2,1,10.21
owg,2018,0,0,Denis TEN,KAZ,3,CCSp,4,0,0,0,0,0,0,CCSp4,3.20,0.86,2,1,2,2,2,2,1,1,2,4.06
owg,2018,0,0,Denis TEN,KAZ,4,3Lz+2T,-,1,0,0,0,0,0,3Lz+2T,8.03,0.10,0,0,1,1,0,0,0,0,0,8.13
owg,2018,0,0,Denis TEN,KAZ,5,CCoSp,-,0,0,0,0,0,0,CCoSp,0.00,0.00,-,-,-,-,-,-,-,-,-,0.00
owg,2018,0,0,Denis TEN,KAZ,6,StSq,3,0,0,0,0,0,0,StSq3,3.30,1.21,2,2,3,3,2,2,3,3,2,4.51
owg,2018,0,0,Denis TEN,KAZ,7,FSSp,4,0,0,0,0,0,0,FSSp4,3.00,0.86,2,2,2,2,0,1,2,2,1,3.86
owg,2018,0,0,Michael Christian MARTINEZ,PHI,1,3Lz+2T,-,0,0,0,0,0,0,3Lz+2T,7.30,0.00,0,0,0,0,0,0,0,0,0,7.30
owg,2018,0,0,Michael Christian MARTINEZ,PHI,2,2A,-,0,0,0,0,0,0,2A,3.30,0.00,0,0,1,0,0,0,0,-1,0,3.30
owg,2018,0,0,Michael Christian MARTINEZ,PHI,3,CCSp,2,0,0,0,0,0,0,CCSp2,2.30,0.36,1,0,1,1,1,0,0,1,1,2.66
owg,2018,0,0,Michael Christian MARTINEZ,PHI,4,3Lo,-,1,0,0,0,0,0,3Lo,5.61,0.00,0,0,1,0,-1,0,0,0,0,5.61
owg,2018,0,0,Michael Christian MARTINEZ,PHI,5,StSq,2,0,0,0,0,0,0,StSq2,2.60,-0.07,0,0,0,1,0,0,-1,-1,0,2.53
owg,2018,0,0,Michael Christian MARTINEZ,PHI,6,FSSp,3,0,0,0,0,0,0,FSSp3,2.60,-0.17,-1,0,0,1,-2,0,-2,-1,0,2.43
owg,2018,0,0,Michael Christian MARTINEZ,PHI,7,CCoSp2V,-,0,0,0,0,0,0,CCoSp2V,2.00,0.21,0,0,1,1,1,0,0,0,1,2.21
owg,2018,0,0,Felipe MONTOYA,ESP,1,3Lz+2T,-,0,0,0,1,0,0,3Lz+2T,7.30,-1.70,-3,-2,-2,-3,-3,-3,-2,-2,-2,5.60
owg,2018,0,0,Felipe MONTOYA,ESP,2,2A,-,0,0,0,0,0,0,2A,3.30,0.50,1,1,2,1,1,0,1,1,1,3.80
owg,2018,0,0,Felipe MONTOYA,ESP,3,FSSp,4,0,0,0,0,0,0,FSSp4,3.00,0.50,1,0,1,1,1,1,1,1,1,3.50
owg,2018,0,0,Felipe MONTOYA,ESP,4,3F,-,1,0,1,0,0,0,3F<,4.07,-2.10,-3,-3,-3,-3,-3,-3,-3,-3,-3,1.97
owg,2018,0,0,Felipe MONTOYA,ESP,5,CCSp,2,0,0,0,0,0,0,CCSp2,2.30,-0.26,0,-1,-1,-2,0,-1,-1,-2,0,2.04
owg,2018,0,0,Felipe MONTOYA,ESP,6,StSq,2,0,0,0,0,0,0,StSq2,2.60,0.21,1,0,1,0,0,0,1,0,1,2.81
owg,2018,0,0,Felipe MONTOYA,ESP,7,CCoSp,3,0,0,0,0,0,0,CCoSp3,3.00,-0.13,0,-1,0,-2,-1,0,0,-1,0,2.87
owg,2018,0,0,Yaroslav PANIOT,UKR,1,4T+COMBO,-,0,1,0,0,0,0,4T<<+COMBO,4.30,-2.10,-3,-3,-3,-3,-3,-3,-3,-3,-3,2.20
owg,2018,0,0,Yaroslav PANIOT,UKR,2,2A,-,0,0,0,0,0,0,2A,3.30,-1.50,-3,-3,-2,-3,-3,-3,-3,-3,-3,1.80
owg,2018,0,0,Yaroslav PANIOT,UKR,3,FCSp,4,0,0,0,0,0,0,FCSp4,3.20,0.50,1,1,1,1,1,0,1,1,1,3.70
owg,2018,0,0,Yaroslav PANIOT,UKR,4,3Lz,-,1,1,0,0,0,0,3Lz<<,2.31,-0.90,-3,-3,-3,-3,-3,-3,-3,-3,-3,1.41
owg,2018,0,0,Yaroslav PANIOT,UKR,5,CSSp,4,0,0,0,0,0,0,CSSp4,3.00,-0.10,1,-1,0,-1,0,-1,-1,-1,1,2.90
owg,2018,0,0,Yaroslav PANIOT,UKR,6,StSq,2,0,0,0,0,0,0,StSq2,2.60,0.36,1,0,0,1,1,0,1,1,1,2.96
owg,2018,0,0,Yaroslav PANIOT,UKR,7,CCoSp,4,0,0,0,0,0,0,CCoSp4,3.50,0.21,1,0,0,0,1,0,1,0,1,3.71
owg,2018,1,0,Alina ZAGITOVA,OAR,1,FCSp,4,0,0,0,0,0,0,FCSp4,3.20,1.14,2,3,2,2,3,2,3,2,2,4.34
owg,2018,1,0,Alina ZAGITOVA,OAR,2,StSq,4,0,0,0,0,0,0,StSq4,3.90,1.80,3,3,2,3,2,2,3,3,2,5.70
owg,2018,1,0,Alina ZAGITOVA,OAR,3,3Lz+3Lo,-,1,0,0,0,0,0,3Lz+3Lo,12.21,1.50,2,2,2,3,2,2,2,3,2,13.71
owg,2018,1,0,Alina ZAGITOVA,OAR,4,3F,-,1,0,0,0,0,0,3F,5.83,2.10,3,3,2,3,3,3,3,3,3,7.93
owg,2018,1,0,Alina ZAGITOVA,OAR,5,2A,-,1,0,0,0,0,0,2A,3.63,0.93,2,3,2,2,1,1,2,2,2,4.56
owg,2018,1,0,Alina ZAGITOVA,OAR,6,LSp,4,0,0,0,0,0,0,LSp4,2.70,1.36,2,3,3,3,3,2,2,3,3,4.06
owg,2018,1,0,Alina ZAGITOVA,OAR,7,CCoSp,4,0,0,0,0,0,0,CCoSp4,3.50,1.50,3,3,3,3,3,3,3,3,3,5.00
owg,2018,1,0,Evgenia MEDVEDEVA,OAR,1,FCSp,4,0,0,0,0,0,0,FCSp4,3.20,1.21,2,3,2,1,3,2,3,3,2,4.41
owg,2018,1,0,Evgenia MEDVEDEVA,OAR,2,StSq,4,0,0,0,0,0,0,StSq4,3.90,2.10,3,3,3,3,3,2,3,3,3,6.00
owg,2018,1,0,Evgenia MEDVEDEVA,OAR,3,3F+3T,-,1,0,0,0,0,0,3F+3T,10.56,1.40,2,2,2,2,2,1,2,3,2,11.96
owg,2018,1,0,Evgenia MEDVEDEVA,OAR,4,3Lo,-,1,0,0,0,0,0,3Lo,5.61,1.80,3,3,2,2,2,2,3,3,3,7.41
owg,2018,1,0,Evgenia MEDVEDEVA,OAR,5,2A,-,1,0,0,0,0,0,2A,3.63,1.00,1,2,2,1,3,2,3,2,2,4.63
owg,2018,1,0,Evgenia MEDVEDEVA,OAR,6,CCoSp,4,0,0,0,0,0,0,CCoSp4,3.50,1.29,2,3,2,2,3,2,3,3,3,4.79
owg,2018,1,0,Evgenia MEDVEDEVA,OAR,7,LSp,4,0,0,0,0,0,0,LSp4,2.70,1.29,2,3,2,3,2,2,3,3,3,3.99
owg,2018,1,0,Kaetlyn OSMOND,CAN,1,3F+3T,-,0,0,0,0,0,0,3F+3T,9.60,1.90,3,2,3,3,3,2,2,3,3,11.50
owg,2018,1,0,Kaetlyn OSMOND,CAN,2,3Lz,-,0,0,0,0,0,0,3Lz,6.00,1.60,2,2,2,3,3,2,1,3,2,7.60
owg,2018,1,0,Kaetlyn OSMOND,CAN,3,FCSp,4,0,0,0,0,0,0,FCSp4,3.20,0.79,2,2,1,2,1,2,1,2,1,3.99
owg,2018,1,0,Kaetlyn OSMOND,CAN,4,2A,-,1,0,0,0,0,0,2A,3.63,1.07,2,3,2,2,2,3,2,2,2,4.70
owg,2018,1,0,Kaetlyn OSMOND,CAN,5,LSp,4,0,0,0,0,0,0,LSp4,2.70,1.07,2,2,2,3,2,2,2,2,3,3.77
owg,2018,1,0,Kaetlyn OSMOND,CAN,6,StSq,4,0,0,0,0,0,0,StSq4,3.90,1.80,3,3,2,3,3,2,2,3,2,5.70
owg,2018,1,0,Kaetlyn OSMOND,CAN,7,CCoSp,4,0,0,0,0,0,0,CCoSp4,3.50,1.07,2,3,2,3,2,2,2,0,2,4.57
owg,2018,1,0,Satoko MIYAHARA,JPN,1,3Lz+3T,-,0,0,0,0,0,0,3Lz+3T,10.30,0.70,1,1,1,1,1,0,1,2,1,11.00
owg,2018,1,0,Satoko MIYAHARA,JPN,2,FCSp,4,0,0,0,0,0,0,FCSp4,3.20,1.00,2,2,2,3,2,1,2,2,2,4.20
owg,2018,1,0,Satoko MIYAHARA,JPN,3,CCoSp,4,0,0,0,0,0,0,CCoSp4,3.50,1.07,2,2,2,3,2,1,2,3,2,4.57
owg,2018,1,0,Satoko MIYAHARA,JPN,4,3Lo,-,1,0,0,0,0,0,3Lo,5.61,0.70,0,0,1,2,1,1,1,2,1,6.31
owg,2018,1,0,Satoko MIYAHARA,JPN,5,StSq,4,0,0,0,0,0,0,StSq4,3.90,1.80,2,2,3,3,3,2,2,3,3,5.70
owg,2018,1,0,Satoko MIYAHARA,JPN,6,2A,-,1,0,0,0,0,0,2A,3.63,0.71,1,1,2,2,1,1,2,2,1,4.34
owg,2018,1,0,Satoko MIYAHARA,JPN,7,LSp,4,0,0,0,0,0,0,LSp4,2.70,1.43,3,3,3,3,3,2,2,3,3,4.13
owg,2018,1,0,Kaori SAKAMOTO,JPN,1,LSp,4,0,0,0,0,0,0,LSp4,2.70,1.14,2,3,2,3,2,2,2,2,3,3.84
owg,2018,1,0,Kaori SAKAMOTO,JPN,2,StSq,4,0,0,0,0,0,0,StSq4,3.90,0.90,1,2,2,1,2,1,1,1,1,4.80
owg,2018,1,0,Kaori SAKAMOTO,JPN,3,FCSp,4,0,0,0,0,0,0,FCSp4,3.20,0.79,1,2,1,2,1,1,2,2,2,3.99
owg,2018,1,0,Kaori SAKAMOTO,JPN,4,3F+3T,-,1,0,0,0,0,0,3F+3T,10.56,1.40,2,2,1,2,3,2,2,2,2,11.96
owg,2018,1,0,Kaori SAKAMOTO,JPN,5,3Lo,-,1,0,0,0,0,0,3Lo,5.61,1.10,1,1,2,3,2,1,1,2,2,6.71
owg,2018,1,0,Kaori SAKAMOTO,JPN,6,2A,-,1,0,0,0,0,0,2A,3.63,0.93,1,1,2,3,2,2,2,2,2,4.56
owg,2018,1,0,Kaori SAKAMOTO,JPN,7,CCoSp,4,0,0,0,0,0,0,CCoSp4,3.50,1.00,2,2,2,2,2,2,2,2,2,4.50
owg,2018,1,0,Carolina KOSTNER,ITA,1,3F+2T,-,0,0,0,0,0,0,3F+2T,6.60,1.10,2,0,1,2,1,2,1,3,2,7.70
owg,2018,1,0,Carolina KOSTNER,ITA,2,3Lo,-,0,0,0,0,0,0,3Lo,5.10,-0.70,-1,-1,-1,-1,-1,-1,-2,0,-1,4.40
owg,2018,1,0,Carolina KOSTNER,ITA,3,FCSp,4,0,0,0,0,0,0,FCSp4,3.20,0.79,1,1,1,1,2,2,2,3,2,3.99
owg,2018,1,0,Carolina KOSTNER,ITA,4,2A,-,1,0,0,0,0,0,2A,3.63,1.07,2,2,2,1,3,3,2,2,2,4.70
owg,2018,1,0,Carolina KOSTNER,ITA,5,LSp,4,0,0,0,0,0,0,LSp4,2.70,1.07,2,3,1,2,2,2,3,2,2,3.77
owg,2018,1,0,Carolina KOSTNER,ITA,6,StSq,4,0,0,0,0,0,0,StSq4,3.90,2.10,3,3,3,3,3,3,3,3,3,6.00
owg,2018,1,0,Carolina KOSTNER,ITA,7,CCoSp,4,0,0,0,0,0,0,CCoSp4,3.50,1.00,2,2,2,2,2,2,2,2,2,4.50
owg,2018,1,0,Gabrielle DALEMAN,CAN,1,3T+3T,-,0,0,0,0,0,0,3T+3T,8.60,-1.50,-1,-2,-2,-2,-3,-2,-3,-2,-2,7.10
owg,2018,1,0,Gabrielle DALEMAN,CAN,2,LSp,4,0,0,0,0,0,0,LSp4,2.70,0.43,1,1,0,1,1,0,1,2,1,3.13
owg,2018,1,0,Gabrielle DALEMAN,CAN,3,FCSp,4,0,0,0,0,0,0,FCSp4,3.20,0.64,1,1,1,2,1,2,1,2,1,3.84
owg,2018,1,0,Gabrielle DALEMAN,CAN,4,3Lz,-,1,0,0,0,0,0,3Lz,6.60,1.30,1,1,2,2,2,2,2,2,2,7.90
owg,2018,1,0,Gabrielle DALEMAN,CAN,5,2A,-,1,0,0,0,0,0,2A,3.63,0.57,1,1,2,1,1,1,1,2,1,4.20
owg,2018,1,0,Gabrielle DALEMAN,CAN,6,StSq,4,0,0,0,0,0,0,StSq4,3.90,1.40,2,3,2,2,2,2,2,2,2,5.30
owg,2018,1,0,Gabrielle DALEMAN,CAN,7,CCoSp,4,0,0,0,0,0,0,CCoSp4,3.50,0.93,2,1,1,2,2,2,2,2,2,4.43
owg,2018,1,0,Dabin CHOI,KOR,1,3Lz+3T,-,0,0,0,0,0,0,3Lz+3T,10.30,0.40,1,1,0,-1,1,1,0,2,0,10.70
owg,2018,1,0,Dabin CHOI,KOR,2,CCoSp,4,0,0,0,0,0,0,CCoSp4,3.50,0.64,1,1,1,1,2,1,1,2,2,4.14
owg,2018,1,0,Dabin CHOI,KOR,3,FCSp,4,0,0,0,0,0,0,FCSp4,3.20,0.57,0,1,1,1,1,1,2,2,1,3.77
owg,2018,1,0,Dabin CHOI,KOR,4,3F,-,1,0,0,0,0,0,3F,5.83,0.40,0,1,0,1,1,0,0,1,1,6.23
owg,2018,1,0,Dabin CHOI,KOR,5,2A,-,1,0,0,0,0,0,2A,3.63,0.50,1,1,1,0,1,1,1,2,1,4.13
owg,2018,1,0,Dabin CHOI,KOR,6,StSq,4,0,0,0,0,0,0,StSq4,3.90,0.90,1,2,1,0,1,1,2,1,2,4.80
owg,2018,1,0,Dabin CHOI,KOR,7,LSp,4,0,0,0,0,0,0,LSp4,2.70,1.07,1,2,2,2,2,2,2,3,3,3.77
owg,2018,1,0,Mirai NAGASU,USA,1,3A,-,0,0,0,0,0,0,3A,8.50,-3.00,-3,-3,-3,-3,-3,-3,-3,-3,-3,5.50
owg,2018,1,0,Mirai NAGASU,USA,2,3F+3T,-,0,0,0,0,0,0,3F+3T,9.60,1.20,2,1,2,2,2,1,1,2,2,10.80
owg,2018,1,0,Mirai NAGASU,USA,3,FCSp,4,0,0,0,0,0,0,FCSp4,3.20,0.64,1,1,1,2,2,1,1,2,1,3.84
owg,2018,1,0,Mirai NAGASU,USA,4,3Lo,-,1,0,0,0,0,0,3Lo,5.61,-0.30,-1,0,1,0,-1,-1,0,-1,0,5.31
owg,2018,1,0,Mirai NAGASU,USA,5,CCoSp,4,0,0,0,0,0,0,CCoSp4,3.50,0.93,1,0,2,2,2,2,2,2,2,4.43
owg,2018,1,0,Mirai NAGASU,USA,6,StSq,3,0,0,0,0,0,0,StSq3,3.30,0.50,1,1,1,1,1,0,1,1,1,3.80
owg,2018,1,0,Mirai NAGASU,USA,7,LSp,4,0,0,0,0,0,0,LSp4,2.70,0.86,2,1,2,2,2,1,2,1,2,3.56
owg,2018,1,0,Karen CHEN,USA,1,3Lz,-,0,0,0,0,0,0,3Lz,6.00,-1.80,-3,-3,-2,-3,-3,-2,-2,-2,-3,4.20
owg,2018,1,0,Karen CHEN,USA,2,CCoSp,4,0,0,0,0,0,0,CCoSp4,3.50,1.00,1,2,2,2,2,2,2,2,2,4.50
owg,2018,1,0,Karen CHEN,USA,3,FCSp,4,0,0,0,0,0,0,FCSp4,3.20,0.86,1,1,2,2,2,2,1,2,2,4.06
owg,2018,1,0,Karen CHEN,USA,4,StSq,4,0,0,0,0,0,0,StSq4,3.90,1.10,1,2,2,2,1,1,2,1,2,5.00
owg,2018,1,0,Karen CHEN,USA,5,3Lo+2T,-,1,0,0,0,0,0,3Lo+2T,7.04,0.40,1,0,1,0,0,1,0,2,1,7.44
owg,2018,1,0,Karen CHEN,USA,6,2A,-,1,0,0,0,0,0,2A,3.63,0.79,1,2,2,2,1,2,1,2,1,4.42
owg,2018,1,0,Karen CHEN,USA,7,LSp,4,0,0,0,0,0,0,LSp4,2.70,1.21,2,2,3,3,2,2,2,3,3,3.91
owg,2018,1,0,Bradie TENNELL,USA,1,3Lz+3T,-,0,0,0,0,0,0,3Lz+3T,10.30,-2.10,-3,-3,-3,-3,-3,-3,-3,-3,-3,8.20
owg,2018,1,0,Bradie TENNELL,USA,2,FCSp,4,0,0,0,0,0,0,FCSp4,3.20,0.64,1,1,1,2,1,1,2,2,1,3.84
owg,2018,1,0,Bradie TENNELL,USA,3,LSp,3,0,0,0,0,0,0,LSp3,2.40,0.86,1,2,2,2,2,2,1,1,2,3.26
owg,2018,1,0,Bradie TENNELL,USA,4,3Lo,-,1,0,0,0,0,0,3Lo,5.61,0.90,1,2,2,2,1,1,1,0,1,6.51
owg,2018,1,0,Bradie TENNELL,USA,5,StSq,4,0,0,0,0,0,0,StSq4,3.90,0.80,1,2,1,1,1,1,1,1,2,4.70
owg,2018,1,0,Bradie TENNELL,USA,6,2A,-,1,0,0,0,0,0,2A,3.63,0.86,1,2,2,2,1,2,2,2,1,4.49
owg,2018,1,0,Bradie TENNELL,USA,7,CCoSp,4,0,0,0,0,0,0,CCoSp4,3.50,1.00,2,2,2,3,2,2,2,1,2,4.50
owg,2018,1,0,Maria SOTSKOVA,OAR,1,3Lz,-,0,0,0,0,0,0,3Lz,6.00,-2.10,-3,-3,-3,-3,-3,-3,-3,-3,-3,3.90
owg,2018,1,0,Maria SOTSKOVA,OAR,2,CCoSp,4,0,0,0,0,0,0,CCoSp4,3.50,0.64,2,1,1,1,2,1,1,2,1,4.14
owg,2018,1,0,Maria SOTSKOVA,OAR,3,3F+3T,-,1,0,1,0,0,0,3F+3T<,9.13,-0.70,-1,-1,-1,-1,0,-1,-1,-1,-1,8.43
owg,2018,1,0,Maria SOTSKOVA,OAR,4,2A,-,1,0,0,0,0,0,2A,3.63,0.50,1,1,1,1,1,1,1,2,1,4.13
owg,2018,1,0,Maria SOTSKOVA,OAR,5,FCSp,3,0,0,0,0,0,0,FCSp3,2.80,0.50,1,1,1,1,1,0,1,2,1,3.30
owg,2018,1,0,Maria SOTSKOVA,OAR,6,StSq,3,0,0,0,0,0,0,StSq3,3.30,1.00,2,2,2,2,2,0,2,2,2,4.30
owg,2018,1,0,Maria SOTSKOVA,OAR,7,LSp,4,0,0,0,0,0,0,LSp4,2.70,0.57,2,1,2,1,1,0,1,2,0,3.27
owg,2018,1,0,Nicole RAJICOVA,SVK,1,3Lo+2T,-,0,0,0,0,0,0,3Lo+2T,6.40,0.10,1,0,0,1,0,0,0,0,0,6.50
owg,2018,1,0,Nicole RAJICOVA,SVK,2,FCSp,4,0,0,0,0,0,0,FCSp4,3.20,0.50,1,1,0,1,1,1,2,1,1,3.70
owg,2018,1,0,Nicole RAJICOVA,SVK,3,3Lz,-,0,0,0,0,0,0,3Lz,6.00,0.30,1,0,0,1,0,0,0,2,1,6.30
owg,2018,1,0,Nicole RAJICOVA,SVK,4,LSp,4,0,0,0,0,0,0,LSp4,2.70,0.50,1,1,1,2,1,1,1,1,1,3.20
owg,2018,1,0,Nicole RAJICOVA,SVK,5,2A,-,1,0,0,0,0,0,2A,3.63,0.50,1,1,0,1,1,1,1,1,1,4.13
owg,2018,1,0,Nicole RAJICOVA,SVK,6,StSq,4,0,0,0,0,0,0,StSq4,3.90,0.70,1,2,1,1,1,1,1,1,1,4.60
owg,2018,1,0,Nicole RAJICOVA,SVK,7,CCoSp,4,0,0,0,0,0,0,CCoSp4,3.50,0.43,1,0,0,1,1,1,1,1,1,3.93
owg,2018,1,0,Nicole SCHOTT,GER,1,3F,-,0,0,0,0,0,0,3F,5.30,0.30,0,1,1,1,0,1,0,0,0,5.60
owg,2018,1,0,Nicole SCHOTT,GER,2,3T+3T,-,0,0,0,0,0,0,3T+3T,8.60,0.00,0,0,0,0,0,0,0,1,0,8.60
owg,2018,1,0,Nicole SCHOTT,GER,3,FCSp,4,0,0,0,0,0,0,FCSp4,3.20,0.36,0,0,1,1,1,1,1,1,0,3.56
owg,2018,1,0,Nicole SCHOTT,GER,4,CCoSp,4,0,0,0,0,0,0,CCoSp4,3.50,0.29,1,1,0,0,1,1,0,2,0,3.79
owg,2018,1,0,Nicole SCHOTT,GER,5,StSq,2,0,0,0,0,0,0,StSq2,2.60,0.50,1,1,1,1,1,2,1,1,1,3.10
owg,2018,1,0,Nicole SCHOTT,GER,6,2A,-,1,0,0,0,0,0,2A,3.63,0.21,1,1,0,0,0,1,1,0,0,3.84
owg,2018,1,0,Nicole SCHOTT,GER,7,LSp,4,0,0,0,0,0,0,LSp4,2.70,0.43,1,1,0,1,1,1,2,1,0,3.13
owg,2018,1,0,Elizabet TURSYNBAEVA,KAZ,1,2Lo,-,0,0,0,0,0,1,2Lo*,0.00,0.00,-,-,-,-,-,-,-,-,-,0.00
owg,2018,1,0,Elizabet TURSYNBAEVA,KAZ,2,CCoSp,4,0,0,0,0,0,0,CCoSp4,3.50,1.00,2,2,2,2,2,1,2,2,2,4.50
owg,2018,1,0,Elizabet TURSYNBAEVA,KAZ,3,3S+3T,-,1,0,0,0,0,0,3S+3T,9.57,0.60,1,0,1,0,1,1,1,2,1,10.17
owg,2018,1,0,Elizabet TURSYNBAEVA,KAZ,4,2A,-,1,0,0,0,0,0,2A,3.63,0.64,1,1,1,1,1,1,2,2,2,4.27
owg,2018,1,0,Elizabet TURSYNBAEVA,KAZ,5,FCSp,4,0,0,0,0,0,0,FCSp4,3.20,0.00,0,0,0,0,0,-1,0,0,0,3.20
owg,2018,1,0,Elizabet TURSYNBAEVA,KAZ,6,LSp,4,0,0,0,0,0,0,LSp4,2.70,0.50,1,1,1,1,1,1,1,3,1,3.20
owg,2018,1,0,Elizabet TURSYNBAEVA,KAZ,7,StSq,3,0,0,0,0,0,0,StSq3,3.30,0.50,1,1,1,1,1,1,2,1,1,3.80
owg,2018,1,0,Kailani CRAINE,AUS,1,3F,-,0,0,0,0,0,0,3F,5.30,0.10,-1,1,0,-1,0,1,0,2,0,5.40
owg,2018,1,0,Kailani CRAINE,AUS,2,CCoSp,4,0,0,0,0,0,0,CCoSp4,3.50,0.43,1,1,0,0,1,1,1,1,1,3.93
owg,2018,1,0,Kailani CRAINE,AUS,3,StSq,3,0,0,0,0,0,0,StSq3,3.30,0.29,0,1,1,0,0,1,1,1,0,3.59
owg,2018,1,0,Kailani CRAINE,AUS,4,3Lo+2T,-,1,0,0,0,0,0,3Lo+2T,7.04,0.00,0,0,0,0,0,0,0,0,0,7.04
owg,2018,1,0,Kailani CRAINE,AUS,5,2A,-,1,0,0,0,0,0,2A,3.63,0.36,1,0,1,0,0,1,1,2,1,3.99
owg,2018,1,0,Kailani CRAINE,AUS,6,FSSp,4,0,0,0,0,0,0,FSSp4,3.00,0.21,0,0,0,1,1,0,1,2,0,3.21
owg,2018,1,0,Kailani CRAINE,AUS,7,LSp,4,0,0,0,0,0,0,LSp4,2.70,0.50,1,1,2,1,1,1,1,0,1,3.20
owg,2018,1,0,Isadora WILLIAMS,BRA,1,3Lz+2T,-,0,0,0,0,0,0,3Lz+2T,7.30,0.40,0,0,1,1,0,1,0,1,1,7.70
owg,2018,1,0,Isadora WILLIAMS,BRA,2,3Lo,-,0,0,0,0,0,0,3Lo,5.10,0.10,-1,0,0,1,0,0,0,1,0,5.20
owg,2018,1,0,Isadora WILLIAMS,BRA,3,CCoSp,4,0,0,0,0,0,0,CCoSp4,3.50,0.50,1,1,1,1,1,0,1,1,1,4.00
owg,2018,1,0,Isadora WILLIAMS,BRA,4,2A,-,1,0,0,0,0,0,2A,3.63,0.36,0,0,1,1,0,1,1,2,1,3.99
owg,2018,1,0,Isadora WILLIAMS,BRA,5,FSSp,4,0,0,0,0,0,0,FSSp4,3.00,0.14,1,0,0,0,1,0,0,2,0,3.14
owg,2018,1,0,Isadora WILLIAMS,BRA,6,StSq,2,0,0,0,0,0,0,StSq2,2.60,0.50,1,1,1,1,0,1,1,1,1,3.10
owg,2018,1,0,Isadora WILLIAMS,BRA,7,LSp,4,0,0,0,0,0,0,LSp4,2.70,0.00,0,0,0,0,0,0,0,2,0,2.70
owg,2018,1,0,Emmi PELTONEN,FIN,1,3T+3T,-,0,0,0,0,0,0,3T+3T,8.60,1.00,2,1,1,2,1,1,1,2,2,9.60
owg,2018,1,0,Emmi PELTONEN,FIN,2,3Lo,-,0,0,0,0,0,0,3Lo,5.10,-2.10,-3,-3,-3,-3,-3,-3,-3,-3,-3,3.00
owg,2018,1,0,Emmi PELTONEN,FIN,3,LSp,1,0,0,0,0,0,0,LSp1,1.50,0.14,1,1,0,0,0,0,1,0,0,1.64
owg,2018,1,0,Emmi PELTONEN,FIN,4,2A,-,1,0,0,0,0,0,2A,3.63,0.50,1,1,1,1,0,1,1,2,1,4.13
owg,2018,1,0,Emmi PELTONEN,FIN,5,FSSp,2,0,0,0,0,0,0,FSSp2,2.30,-0.14,-1,0,-1,-1,-2,-1,1,1,-1,2.16
owg,2018,1,0,Emmi PELTONEN,FIN,6,StSq,3,0,0,0,0,0,0,StSq3,3.30,0.79,1,2,2,2,1,2,2,1,1,4.09
owg,2018,1,0,Emmi PELTONEN,FIN,7,CCoSp,4,0,0,0,0,0,0,CCoSp4,3.50,0.36,1,2,0,1,0,1,1,1,0,3.86
owg,2018,1,0,Alexia PAGANINI,SUI,1,3T+3T,-,0,0,0,0,0,0,3T+3T,8.60,0.50,1,0,1,1,1,0,1,1,0,9.10
owg,2018,1,0,Alexia PAGANINI,SUI,2,3Lo,-,0,0,0,0,0,0,3Lo,5.10,0.50,1,1,0,1,0,1,0,1,1,5.60
owg,2018,1,0,Alexia PAGANINI,SUI,3,FCSp,3,0,0,0,0,0,0,FCSp3,2.80,0.29,0,1,0,1,1,0,1,1,0,3.09
owg,2018,1,0,Alexia PAGANINI,SUI,4,2A,-,1,0,0,0,0,0,2A,3.63,0.21,0,0,1,0,0,1,1,1,0,3.84
owg,2018,1,0,Alexia PAGANINI,SUI,5,LSp,3,0,0,0,0,0,0,LSp3,2.40,0.07,0,1,0,1,0,0,0,-1,0,2.47
owg,2018,1,0,Alexia PAGANINI,SUI,6,StSq,2,0,0,0,0,0,0,StSq2,2.60,-0.21,-1,0,0,-1,0,-1,-1,0,0,2.39
owg,2018,1,0,Alexia PAGANINI,SUI,7,CCoSp,4,0,0,0,0,0,0,CCoSp4,3.50,0.00,0,1,0,-1,0,0,0,0,0,3.50
owg,2018,1,0,Loena HENDRICKX,BEL,1,3Lz+3T,-,0,0,1,0,0,0,3Lz+3T<,9.00,-0.70,-1,-1,-1,-1,-1,-1,-1,-1,-2,8.30
owg,2018,1,0,Loena HENDRICKX,BEL,2,FSSp,4,0,0,0,0,0,0,FSSp4,3.00,0.43,1,0,1,1,1,1,1,2,0,3.43
owg,2018,1,0,Loena HENDRICKX,BEL,3,CCoSp,4,0,0,0,0,0,0,CCoSp4,3.50,0.79,2,2,2,1,2,1,1,2,1,4.29
owg,2018,1,0,Loena HENDRICKX,BEL,4,2A,-,1,0,0,0,0,0,2A,3.63,0.50,1,1,1,1,1,1,1,1,0,4.13
owg,2018,1,0,Loena HENDRICKX,BEL,5,1F,-,0,0,0,0,0,1,1F*,0.00,0.00,-,-,-,-,-,-,-,-,-,0.00
owg,2018,1,0,Loena HENDRICKX,BEL,6,StSq,3,0,0,0,0,0,0,StSq3,3.30,0.71,1,1,2,2,2,1,2,1,1,4.01
owg,2018,1,0,Loena HENDRICKX,BEL,7,LSp,4,0,0,0,0,0,0,LSp4,2.70,0.93,2,1,3,2,3,1,3,0,1,3.63
owg,2018,1,0,Hanul KIM,KOR,1,3Lz+3T,-,0,0,1,0,0,0,3Lz+3T<,9.00,-0.80,-1,-2,-1,-1,-1,-1,-1,-1,-2,8.20
owg,2018,1,0,Hanul KIM,KOR,2,CCoSp,4,0,0,0,0,0,0,CCoSp4,3.50,0.57,1,0,2,1,2,1,1,1,1,4.07
owg,2018,1,0,Hanul KIM,KOR,3,FSSp,4,0,0,0,0,0,0,FSSp4,3.00,0.29,0,1,1,1,2,0,0,1,0,3.29
owg,2018,1,0,Hanul KIM,KOR,4,3Lo,-,1,0,1,0,0,0,3Lo<,3.96,-0.90,-1,-1,-1,-2,-1,-1,-2,-1,-2,3.06
owg,2018,1,0,Hanul KIM,KOR,5,2A,-,1,0,0,0,0,0,2A,3.63,0.43,1,1,1,1,1,0,0,1,1,4.06
owg,2018,1,0,Hanul KIM,KOR,6,StSq,2,0,0,0,0,0,0,StSq2,2.60,0.43,1,1,1,0,1,0,1,1,1,3.03
owg,2018,1,0,Hanul KIM,KOR,7,LSp,4,0,0,0,0,0,0,LSp4,2.70,1.00,2,2,2,2,3,1,2,2,2,3.70
owg,2018,1,0,Mae Berenice MEITE,FRA,1,3F+2T,-,0,0,0,0,0,0,3F+2T,6.60,-1.10,-2,-1,-2,-2,-1,-2,-1,-2,-1,5.50
owg,2018,1,0,Mae Berenice MEITE,FRA,2,CCoSp,4,0,0,0,0,0,0,CCoSp4,3.50,0.07,1,0,0,0,0,0,0,1,0,3.57
owg,2018,1,0,Mae Berenice MEITE,FRA,3,FCSp,4,0,0,0,0,0,0,FCSp4,3.20,0.07,0,0,0,0,0,0,1,1,0,3.27
owg,2018,1,0,Mae Berenice MEITE,FRA,4,3Lo,-,1,0,0,0,0,0,3Lo,5.61,-0.20,-1,0,0,-1,0,-1,0,0,0,5.41
owg,2018,1,0,Mae Berenice MEITE,FRA,5,2A,-,1,0,0,0,0,0,2A,3.63,0.21,0,0,1,0,0,0,1,1,1,3.84
owg,2018,1,0,Mae Berenice MEITE,FRA,6,StSq,3,0,0,0,0,0,0,StSq3,3.30,0.36,1,1,1,0,1,0,1,1,0,3.66
owg,2018,1,0,Mae Berenice MEITE,FRA,7,LSp,4,0,0,0,0,0,0,LSp4,2.70,0.29,0,0,0,1,1,0,1,2,1,2.99
owg,2018,1,0,Ivett TOTH,HUN,1,3T+3T,-,0,0,0,0,0,0,3T+3T,8.60,0.30,1,1,1,0,0,0,0,1,0,8.90
owg,2018,1,0,Ivett TOTH,HUN,2,CCoSp,4,0,0,0,0,0,0,CCoSp4,3.50,0.14,1,0,0,0,0,0,1,1,0,3.64
owg,2018,1,0,Ivett TOTH,HUN,3,3Lz,-,1,1,0,0,0,0,3Lz<<,2.31,-0.81,-3,-2,-2,-3,-3,-3,-2,-3,-3,1.50
owg,2018,1,0,Ivett TOTH,HUN,4,FCSp,4,0,0,0,0,0,0,FCSp4,3.20,0.07,0,0,0,0,0,0,1,2,0,3.27
owg,2018,1,0,Ivett TOTH,HUN,5,StSq,2,0,0,0,0,0,0,StSq2,2.60,0.50,0,2,1,1,1,0,2,1,1,3.10
owg,2018,1,0,Ivett TOTH,HUN,6,2A,-,1,0,0,0,0,0,2A,3.63,0.36,0,1,1,1,1,0,1,1,0,3.99
owg,2018,1,0,Ivett TOTH,HUN,7,LSp,4,0,0,0,0,0,0,LSp4,2.70,0.50,1,1,1,1,1,1,1,1,1,3.20
owg,2018,1,0,Xiangning LI,CHN,1,3F,-,0,0,0,0,0,0,3F,5.30,-2.10,-3,-3,-3,-3,-3,-3,-3,-3,-3,3.20
owg,2018,1,0,Xiangning LI,CHN,2,CCoSp,3,0,0,0,0,0,0,CCoSp3,3.00,0.71,1,1,2,2,1,2,1,2,1,3.71
owg,2018,1,0,Xiangning LI,CHN,3,FCSp,4,0,0,0,0,0,0,FCSp4,3.20,0.79,1,2,2,2,2,2,1,1,1,3.99
owg,2018,1,0,Xiangning LI,CHN,4,3Lz+2T,-,1,0,0,1,0,0,3Lz<+2T,6.05,-1.10,-2,-1,-2,-2,-2,-1,-1,-1,-2,4.95
owg,2018,1,0,Xiangning LI,CHN,5,2A,-,1,0,0,0,0,0,2A,3.63,0.29,1,0,1,0,0,1,1,1,0,3.92
owg,2018,1,0,Xiangning LI,CHN,6,StSq,3,0,0,0,0,0,0,StSq3,3.30,0.50,1,1,1,1,1,1,1,1,1,3.80
owg,2018,1,0,Xiangning LI,CHN,7,LSp,4,0,0,0,0,0,0,LSp4,2.70,1.00,2,2,3,2,2,2,2,2,1,3.70
owg,2018,1,0,Larkyn AUSTMAN,CAN,1,3S+3T,-,0,0,1,0,0,0,3S+3T<,7.40,-2.10,-3,-3,-3,-3,-3,-3,-3,-3,-3,5.30
owg,2018,1,0,Larkyn AUSTMAN,CAN,2,3F,-,0,0,0,0,0,0,3F,5.30,-0.30,0,0,0,-1,-1,0,-1,0,-1,5.00
owg,2018,1,0,Larkyn AUSTMAN,CAN,3,FSSp,4,0,0,0,0,0,0,FSSp4,3.00,0.21,1,1,0,1,0,0,1,0,0,3.21
owg,2018,1,0,Larkyn AUSTMAN,CAN,4,LSp,2,0,0,0,0,0,0,LSp2,1.90,0.36,0,1,1,1,1,0,0,2,1,2.26
owg,2018,1,0,Larkyn AUSTMAN,CAN,5,2A,-,1,0,0,0,0,0,2A,3.63,-0.50,-1,-1,0,-1,-1,-1,-1,-1,-1,3.13
owg,2018,1,0,Larkyn AUSTMAN,CAN,6,StSq,2,0,0,0,0,0,0,StSq2,2.60,0.50,1,1,2,1,1,0,1,1,1,3.10
owg,2018,1,0,Larkyn AUSTMAN,CAN,7,CCoSp,4,0,0,0,0,0,0,CCoSp4,3.50,0.43,1,1,1,0,1,0,1,1,1,3.93
owg,2018,1,0,Diana NIKITINA,LAT,1,3Lz+3T,-,0,0,1,0,0,0,3Lz+3T<,9.00,-0.70,-1,-1,-1,-1,-1,-1,-1,-1,-1,8.30
owg,2018,1,0,Diana NIKITINA,LAT,2,3Lo,-,0,0,0,0,0,0,3Lo,5.10,-0.50,-1,0,0,-1,-1,-1,0,-1,-1,4.60
owg,2018,1,0,Diana NIKITINA,LAT,3,FSSp,3,0,0,0,0,0,0,FSSp3,2.60,0.14,0,0,0,0,1,0,1,1,0,2.74
owg,2018,1,0,Diana NIKITINA,LAT,4,StSq,3,0,0,0,0,0,0,StSq3,3.30,0.36,0,1,1,0,1,0,2,1,1,3.66
owg,2018,1,0,Diana NIKITINA,LAT,5,2A,-,1,0,1,0,0,0,2A<,2.53,-0.50,-1,-1,-1,-1,-1,-1,-1,-1,-1,2.03
owg,2018,1,0,Diana NIKITINA,LAT,6,CCoSp2V,-,0,0,0,0,0,0,CCoSp2V,2.00,-0.04,0,0,0,0,0,-1,1,-1,0,1.96
owg,2018,1,0,Diana NIKITINA,LAT,7,LSp,4,0,0,0,0,0,0,LSp4,2.70,0.36,1,1,0,1,0,0,1,1,1,3.06
owg,2018,1,0,Giada RUSSO,ITA,1,3F,-,0,0,0,0,0,0,3F,5.30,-0.40,-1,0,0,-1,-1,-1,0,0,-1,4.90
owg,2018,1,0,Giada RUSSO,ITA,2,3S+COMBO,-,0,0,0,0,0,0,3S+COMBO,4.40,-2.10,-3,-3,-3,-3,-3,-3,-3,-3,-3,2.30
owg,2018,1,0,Giada RUSSO,ITA,3,LSp,4,0,0,0,0,0,0,LSp4,2.70,0.50,1,1,1,1,1,0,1,1,1,3.20
owg,2018,1,0,Giada RUSSO,ITA,4,FSSp,4,0,0,0,0,0,0,FSSp4,3.00,0.14,0,0,0,0,1,0,1,1,0,3.14
owg,2018,1,0,Giada RUSSO,ITA,5,2A,-,1,0,0,0,0,0,2A,3.63,0.07,0,0,0,0,0,1,1,0,0,3.70
owg,2018,1,0,Giada RUSSO,ITA,6,CCoSp,4,0,0,0,0,0,0,CCoSp4,3.50,0.36,1,0,1,1,1,0,1,-1,1,3.86
owg,2018,1,0,Giada RUSSO,ITA,7,StSq,4,0,0,0,0,0,0,StSq4,3.90,0.90,1,1,3,2,1,1,2,1,0,4.80
owg,2018,1,0,Anita OESTLUND,SWE,1,1Lz,-,0,0,0,0,0,1,1Lz*,0.00,0.00,-,-,-,-,-,-,-,-,-,0.00
owg,2018,1,0,Anita OESTLUND,SWE,2,FSSp,4,0,0,0,0,0,0,FSSp4,3.00,0.21,0,0,0,1,1,0,1,1,0,3.21
owg,2018,1,0,Anita OESTLUND,SWE,3,StSq,3,0,0,0,0,0,0,StSq3,3.30,0.29,0,1,0,1,0,0,1,1,1,3.59
owg,2018,1,0,Anita OESTLUND,SWE,4,3T+3T,-,1,0,0,0,0,0,3T+3T,9.46,-1.10,-1,-2,-2,-2,-1,-2,-2,-1,-1,8.36
owg,2018,1,0,Anita OESTLUND,SWE,5,2A,-,1,0,0,0,0,0,2A,3.63,0.29,1,1,0,0,0,0,1,1,1,3.92
owg,2018,1,0,Anita OESTLUND,SWE,6,CCoSp,4,0,0,0,0,0,0,CCoSp4,3.50,0.07,1,0,0,0,1,0,0,0,0,3.57
owg,2018,1,0,Anita OESTLUND,SWE,7,LSp,4,0,0,0,0,0,0,LSp4,2.70,0.00,0,0,0,0,0,0,0,-2,0,2.70
owg,2018,1,0,Anna KHNYCHENKOVA,UKR,1,2A,-,0,0,0,0,0,0,2A,3.30,0.50,1,1,1,0,1,1,1,1,1,3.80
owg,2018,1,0,Anna KHNYCHENKOVA,UKR,2,3T+3T,-,0,0,0,0,0,0,3T+3T,8.60,-2.10,-3,-3,-3,-3,-3,-3,-3,-3,-3,6.50
owg,2018,1,0,Anna KHNYCHENKOVA,UKR,3,FCSp,4,0,0,0,0,0,0,FCSp4,3.20,-0.04,0,0,0,-1,0,0,0,-1,0,3.16
owg,2018,1,0,Anna KHNYCHENKOVA,UKR,4,3Lz,-,1,0,0,0,0,0,3Lz,6.60,-2.10,-3,-3,-3,-3,-3,-3,-3,-3,-3,4.50
owg,2018,1,0,Anna KHNYCHENKOVA,UKR,5,CCoSp,4,0,0,0,0,0,0,CCoSp4,3.50,0.00,0,0,0,0,0,0,0,0,0,3.50
owg,2018,1,0,Anna KHNYCHENKOVA,UKR,6,StSq,2,0,0,0,0,0,0,StSq2,2.60,0.29,1,1,1,0,0,0,1,1,0,2.89
owg,2018,1,0,Anna KHNYCHENKOVA,UKR,7,LSp,3,0,0,0,0,0,0,LSp3,2.40,-0.09,0,0,-1,0,0,-1,0,-1,0,2.31
owg,2018,1,0,Aiza MAMBEKOVA,KAZ,1,3S+2T,-,0,0,1,0,0,0,3S<+2T,4.40,-0.70,-1,-1,-1,-1,-1,-1,-1,-1,-1,3.70
owg,2018,1,0,Aiza MAMBEKOVA,KAZ,2,3T,-,0,1,0,0,0,0,3T<<,1.30,-0.54,-3,-2,-3,-3,-3,-2,-2,-3,-3,0.76
owg,2018,1,0,Aiza MAMBEKOVA,KAZ,3,CCoSp4V,-,0,0,0,0,0,0,CCoSp4V,3.00,0.57,1,1,1,2,1,0,1,2,1,3.57
owg,2018,1,0,Aiza MAMBEKOVA,KAZ,4,2A,-,1,0,0,0,0,0,2A,3.63,0.07,0,0,0,0,0,0,0,1,1,3.70
owg,2018,1,0,Aiza MAMBEKOVA,KAZ,5,FSSp,3,0,0,0,0,0,0,FSSp3,2.60,-0.04,0,0,0,-1,0,-1,0,1,0,2.56
owg,2018,1,0,Aiza MAMBEKOVA,KAZ,6,StSq,3,0,0,0,0,0,0,StSq3,3.30,0.43,0,1,1,0,1,1,1,2,1,3.73
owg,2018,1,0,Aiza MAMBEKOVA,KAZ,7,LSp,4,0,0,0,0,0,0,LSp4,2.70,0.57,1,1,1,2,1,0,1,1,2,3.27
owg,2018,0,1,Nathan CHEN,USA,1,4Lz,-,0,0,0,0,0,0,4Lz,13.60,1.57,2,2,1,2,1,1,1,2,2,15.17
owg,2018,0,1,Nathan CHEN,USA,2,4F+2T,-,0,0,0,0,0,0,4F+2T,13.60,1.29,2,2,2,1,1,1,1,1,1,14.89
owg,2018,0,1,Nathan CHEN,USA,3,4F,-,0,0,0,0,0,0,4F,12.30,-2.23,-1,-2,-2,-2,-2,-2,-2,-2,-1,10.07
owg,2018,0,1,Nathan CHEN,USA,4,CCSp,4,0,0,0,0,0,0,CCSp4,3.20,0.57,2,1,1,2,1,1,1,1,1,3.77
owg,2018,0,1,Nathan CHEN,USA,5,StSq,4,0,0,0,0,0,0,StSq4,3.90,1.10,2,2,2,2,1,1,1,1,2,5.00
owg,2018,0,1,Nathan CHEN,USA,6,4T+3T,-,1,0,0,0,0,0,4T+3T,16.06,1.57,2,3,2,1,2,1,1,2,1,17.63
owg,2018,0,1,Nathan CHEN,USA,7,4T,-,1,0,0,0,0,0,4T,11.33,1.71,1,2,2,1,2,2,2,2,1,13.04
owg,2018,0,1,Yuzuru HANYU,JPN,1,4S,-,0,0,0,0,0,0,4S,10.50,3.00,3,2,3,3,3,3,3,3,3,13.50
owg,2018,0,1,Yuzuru HANYU,JPN,2,4T,-,0,0,0,0,0,0,4T,10.30,3.00,3,2,3,3,3,3,3,3,3,13.30
owg,2018,0,1,Yuzuru HANYU,JPN,3,3F,-,0,0,0,0,0,0,3F,5.30,1.60,3,2,3,3,2,2,2,2,2,6.90
owg,2018,0,1,Yuzuru HANYU,JPN,4,FCCoSp,4,0,0,0,0,0,0,FCCoSp4,3.50,1.00,2,2,2,2,2,2,2,2,1,4.50
owg,2018,0,1,Yuzuru HANYU,JPN,5,StSq,3,0,0,0,0,0,0,StSq3,3.30,1.43,3,2,3,3,3,2,3,3,3,4.73
owg,2018,0,1,Yuzuru HANYU,JPN,6,4S+3T,-,1,0,0,0,0,0,4S+3T,16.28,2.71,3,1,3,3,2,2,3,3,3,18.99
owg,2018,0,1,Yuzuru HANYU,JPN,7,4T+REP,-,1,0,0,0,0,0,4T+REP,7.93,-2.06,-1,-2,-2,-2,-2,-1,-2,-2,-1,5.87
owg,2018,0,1,Shoma UNO,JPN,1,4Lo,-,0,0,0,0,0,0,4Lo,12.00,-4.00,-3,-3,-3,-3,-3,-3,-3,-3,-3,8.00
owg,2018,0,1,Shoma UNO,JPN,2,4F,-,0,0,0,0,0,0,4F,12.30,1.57,2,2,2,1,1,1,1,2,2,13.87
owg,2018,0,1,Shoma UNO,JPN,3,3Lo,-,0,0,0,0,0,0,3Lo,5.10,1.20,3,1,2,1,1,2,2,2,2,6.30
owg,2018,0,1,Shoma UNO,JPN,4,FCSp,4,0,0,0,0,0,0,FCSp4,3.20,0.93,2,2,2,2,2,2,1,1,2,4.13
owg,2018,0,1,Shoma UNO,JPN,5,FCCoSp,4,0,0,0,0,0,0,FCCoSp4,3.50,0.93,3,2,2,2,2,2,1,1,2,4.43
owg,2018,0,1,Shoma UNO,JPN,6,StSq,3,0,0,0,0,0,0,StSq3,3.30,1.07,3,3,3,2,2,1,1,2,2,4.37
owg,2018,0,1,Shoma UNO,JPN,7,3A,-,1,0,0,0,0,0,3A,9.35,1.86,2,2,2,2,1,2,1,2,2,11.21
owg,2018,0,1,Javier FERNANDEZ,ESP,1,4T,-,0,0,0,0,0,0,4T,10.30,2.14,3,2,3,3,1,2,1,2,2,12.44
owg,2018,0,1,Javier FERNANDEZ,ESP,2,4S+2T,-,0,0,0,0,0,0,4S+2T,11.80,1.43,2,2,1,2,1,1,-1,1,2,13.23
owg,2018,0,1,Javier FERNANDEZ,ESP,3,3A+3T,-,0,0,0,0,0,0,3A+3T,12.80,0.86,1,1,1,1,0,1,0,1,1,13.66
owg,2018,0,1,Javier FERNANDEZ,ESP,4,ChSq,1,0,0,0,0,0,0,ChSq1,2.00,1.90,3,3,3,2,3,2,2,3,3,3.90
owg,2018,0,1,Javier FERNANDEZ,ESP,5,CSSp,3,0,0,0,0,0,0,CSSp3,2.60,1.07,3,2,2,2,2,2,2,3,2,3.67
owg,2018,0,1,Javier FERNANDEZ,ESP,6,2S,-,1,0,0,0,0,0,2S,1.43,0.17,3,1,1,2,0,1,0,0,1,1.60
owg,2018,0,1,Javier FERNANDEZ,ESP,7,3Lo,-,1,0,0,0,0,0,3Lo,5.61,1.50,3,2,2,2,2,2,1,3,2,7.11
owg,2018,0,1,Boyang JIN,CHN,1,4Lz,-,0,0,0,0,0,0,4Lz,13.60,1.71,2,2,1,2,1,2,3,1,2,15.31
owg,2018,0,1,Boyang JIN,CHN,2,4S,-,0,0,0,0,0,0,4S,10.50,1.00,2,1,1,1,1,0,3,1,0,11.50
owg,2018,0,1,Boyang JIN,CHN,3,3A+1Lo+3S,-,0,0,0,0,0,0,3A+1Lo+3S,13.40,1.43,2,1,2,2,1,1,3,1,1,14.83
owg,2018,0,1,Boyang JIN,CHN,4,FCSp,4,0,0,0,0,0,0,FCSp4,3.20,0.50,2,0,1,1,1,0,2,1,1,3.70
owg,2018,0,1,Boyang JIN,CHN,5,ChSq,1,0,0,0,0,0,0,ChSq1,2.00,1.40,3,2,2,1,2,2,3,1,2,3.40
owg,2018,0,1,Boyang JIN,CHN,6,4T,-,1,0,0,0,0,0,4T,11.33,-4.00,-3,-3,-3,-3,-3,-3,-3,-3,-3,7.33
owg,2018,0,1,Boyang JIN,CHN,7,4T+2T,-,1,0,0,0,0,0,4T+2T,12.76,0.57,1,0,1,1,1,0,2,0,0,13.33
owg,2018,0,1,Vincent ZHOU,USA,1,4Lz+3T,-,0,0,0,0,0,0,4Lz+3T,17.90,1.14,1,2,1,1,2,0,1,1,1,19.04
owg,2018,0,1,Vincent ZHOU,USA,2,4F,-,0,0,0,1,0,0,4F,12.30,-3.31,-3,-2,-3,-3,-2,-2,-3,-3,-2,8.99
owg,2018,0,1,Vincent ZHOU,USA,3,4S,-,0,0,0,0,0,0,4S,10.50,0.71,1,1,1,1,-1,0,1,0,1,11.21
owg,2018,0,1,Vincent ZHOU,USA,4,CSSp,4,0,0,0,0,0,0,CSSp4,3.00,0.50,1,1,1,1,1,1,1,1,1,3.50
owg,2018,0,1,Vincent ZHOU,USA,5,ChSq,1,0,0,0,0,0,0,ChSq1,2.00,0.90,1,2,1,2,1,0,1,1,2,2.90
owg,2018,0,1,Vincent ZHOU,USA,6,4Lz,-,1,0,1,0,0,0,4Lz<,10.45,-1.20,-1,-1,0,-1,-1,-1,-1,-1,-1,9.25
owg,2018,0,1,Vincent ZHOU,USA,7,4T,-,1,0,0,0,0,0,4T,11.33,1.14,1,2,1,1,2,0,1,1,1,12.47
owg,2018,0,1,Mikhail KOLYADA,OAR,1,4Lz,-,0,0,0,0,0,0,4Lz,13.60,-3.77,-2,-3,-3,-3,-3,-2,-3,-3,-3,9.83
owg,2018,0,1,Mikhail KOLYADA,OAR,2,4T+3T,-,0,0,0,0,0,0,4T+3T,14.60,1.57,2,2,2,1,2,2,1,1,1,16.17
owg,2018,0,1,Mikhail KOLYADA,OAR,3,3A+2T,-,0,0,0,0,0,0,3A+2T,9.80,2.00,2,2,3,2,2,2,2,1,2,11.80
owg,2018,0,1,Mikhail KOLYADA,OAR,4,FSSp,4,0,0,0,0,0,0,FSSp4,3.00,1.07,3,2,3,2,2,2,2,2,2,4.07
owg,2018,0,1,Mikhail KOLYADA,OAR,5,StSq,4,0,0,0,0,0,0,StSq4,3.90,1.50,3,2,3,2,2,2,2,2,2,5.40
owg,2018,0,1,Mikhail KOLYADA,OAR,6,4T,-,1,0,0,0,0,0,4T,11.33,0.86,2,1,1,2,0,1,-1,0,1,12.19
owg,2018,0,1,Mikhail KOLYADA,OAR,7,1A,-,1,0,0,0,0,0,1A,1.21,0.03,1,0,0,1,0,0,0,0,0,1.24
owg,2018,0,1,Patrick CHAN,CAN,1,4T+2T,-,0,0,0,0,0,0,4T+2T,11.60,2.00,2,2,2,2,1,2,2,2,2,13.60
owg,2018,0,1,Patrick CHAN,CAN,2,3T,-,0,0,0,0,0,0,3T,4.30,-1.30,-2,-2,-2,-2,-1,-2,-2,-2,-1,3.00
owg,2018,0,1,Patrick CHAN,CAN,3,3A+1Lo+2S,-,0,0,0,0,0,0,3A+1Lo+2S,10.30,1.00,1,1,0,2,1,1,2,0,1,11.30
owg,2018,0,1,Patrick CHAN,CAN,4,ChSq,1,0,0,0,0,0,0,ChSq1,2.00,1.60,2,3,2,2,3,2,3,2,2,3.60
owg,2018,0,1,Patrick CHAN,CAN,5,3Lz+3T,-,0,0,0,0,0,0,3Lz+3T,10.30,0.70,1,1,1,2,1,0,1,1,1,11.00
owg,2018,0,1,Patrick CHAN,CAN,6,3A,-,1,0,0,0,0,0,3A,9.35,-1.00,-1,-1,-1,-1,-1,-1,-1,-2,-1,8.35
owg,2018,0,1,Patrick CHAN,CAN,7,2Lo,-,1,0,0,0,0,0,2Lo,1.98,0.13,1,1,0,1,0,0,0,0,1,2.11
owg,2018,0,1,Alexei BYCHENKO,ISR,1,4T+3T,-,0,0,0,0,0,0,4T+3T,14.60,2.14,3,2,2,2,2,2,2,2,3,16.74
owg,2018,0,1,Alexei BYCHENKO,ISR,2,4T,-,0,0,0,0,0,0,4T,10.30,1.71,3,1,1,2,2,1,2,2,2,12.01
owg,2018,0,1,Alexei BYCHENKO,ISR,3,3Lo,-,0,0,0,0,0,0,3Lo,5.10,1.30,2,2,1,2,2,1,2,2,2,6.40
owg,2018,0,1,Alexei BYCHENKO,ISR,4,CCoSp,3,0,0,0,0,0,0,CCoSp3,3.00,0.50,2,1,1,1,1,1,1,1,1,3.50
owg,2018,0,1,Alexei BYCHENKO,ISR,5,StSq,3,0,0,0,0,0,0,StSq3,3.30,0.71,2,1,1,2,2,1,1,1,2,4.01
owg,2018,0,1,Alexei BYCHENKO,ISR,6,3A,-,1,0,0,0,0,0,3A,9.35,0.29,1,0,0,2,0,0,0,0,1,9.64
owg,2018,0,1,Alexei BYCHENKO,ISR,7,2A+2T,-,1,0,0,0,0,0,2A+2T,5.06,0.00,0,0,0,0,0,0,0,-1,0,5.06
owg,2018,0,1,Adam RIPPON,USA,1,2A,-,0,0,0,0,0,0,2A,3.30,0.57,2,2,1,1,1,1,1,1,1,3.87
owg,2018,0,1,Adam RIPPON,USA,2,3F+3Lo,-,0,0,0,0,0,0,3F+3Lo,10.40,0.90,2,2,1,1,1,1,2,1,1,11.30
owg,2018,0,1,Adam RIPPON,USA,3,2A,-,0,0,0,0,0,0,2A,3.30,0.71,2,2,2,1,2,1,1,1,1,4.01
owg,2018,0,1,Adam RIPPON,USA,4,FCSp,4,0,0,0,0,0,0,FCSp4,3.20,1.00,2,3,2,2,2,2,2,1,2,4.20
owg,2018,0,1,Adam RIPPON,USA,5,StSq,4,0,0,0,0,0,0,StSq4,3.90,1.40,2,3,2,2,2,2,2,2,1,5.30
owg,2018,0,1,Adam RIPPON,USA,6,3A+2T+2Lo,-,1,1,0,0,0,0,3A+2T+2Lo<<,11.33,-2.00,-2,-2,-2,-2,-2,-2,-2,-3,-2,9.33
owg,2018,0,1,Adam RIPPON,USA,7,3A,-,1,0,0,0,0,0,3A,9.35,0.71,1,1,0,1,0,0,1,1,1,10.06
owg,2018,0,1,Daniel SAMOHIN,ISR,1,4T+3T,-,0,0,0,0,0,0,4T+3T,14.60,1.71,2,2,1,2,1,2,2,1,2,16.31
owg,2018,0,1,Daniel SAMOHIN,ISR,2,4S,-,0,0,0,0,0,0,4S,10.50,-0.51,0,-1,-1,0,0,0,-1,-1,0,9.99
owg,2018,0,1,Daniel SAMOHIN,ISR,3,3A,-,0,0,0,0,0,0,3A,8.50,1.71,2,1,2,2,2,1,2,1,2,10.21
owg,2018,0,1,Daniel SAMOHIN,ISR,4,CCoSp,4,0,0,0,0,0,0,CCoSp4,3.50,0.64,2,1,1,2,2,1,1,1,1,4.14
owg,2018,0,1,Daniel SAMOHIN,ISR,5,ChSq,1,0,0,0,0,0,0,ChSq1,2.00,0.90,2,2,1,1,2,1,1,1,1,2.90
owg,2018,0,1,Daniel SAMOHIN,ISR,6,3A+1Lo+3S,-,1,0,0,0,0,0,3A+1Lo+3S,14.74,1.00,2,1,1,1,2,0,0,0,2,15.74
owg,2018,0,1,Daniel SAMOHIN,ISR,7,2T,-,1,0,0,0,0,0,2T,1.43,0.06,1,0,0,1,0,0,0,0,1,1.49
owg,2018,0,1,Keegan MESSING,CAN,1,3Lz,-,0,0,0,0,0,0,3Lz,6.00,1.50,3,3,2,2,2,2,2,2,2,7.50
owg,2018,0,1,Keegan MESSING,CAN,2,4T,-,0,0,0,0,0,0,4T,10.30,1.57,2,2,1,1,2,1,2,1,2,11.87
owg,2018,0,1,Keegan MESSING,CAN,3,1A+2T+2Lo,-,0,0,0,0,0,0,1A+2T+2Lo,4.20,0.09,1,1,0,0,0,0,0,0,1,4.29
owg,2018,0,1,Keegan MESSING,CAN,4,FCCoSp,4,0,0,0,0,0,0,FCCoSp4,3.50,1.21,3,3,3,2,2,2,2,1,3,4.71
owg,2018,0,1,Keegan MESSING,CAN,5,StSq,2,0,0,0,0,0,0,StSq2,2.60,1.00,2,2,3,2,2,1,2,2,2,3.60
owg,2018,0,1,Keegan MESSING,CAN,6,4T+2T,-,1,0,0,0,0,0,4T+2T,12.76,0.71,2,1,0,1,0,1,1,0,1,13.47
owg,2018,0,1,Keegan MESSING,CAN,7,3S+3T,-,1,0,0,0,0,0,3S+3T,9.57,1.10,2,2,2,2,1,1,1,1,2,10.67
owg,2018,0,1,Dmitri ALIEV,OAR,1,4T+3T,-,0,0,0,0,0,0,4T+3T,14.60,1.57,2,2,2,1,2,2,1,1,1,16.17
owg,2018,0,1,Dmitri ALIEV,OAR,2,4T,-,0,0,0,0,0,0,4T,10.30,-4.00,-2,-3,-3,-3,-3,-3,-3,-3,-3,6.30
owg,2018,0,1,Dmitri ALIEV,OAR,3,3A,-,0,0,0,0,0,0,3A,8.50,-3.00,-3,-3,-3,-3,-3,-3,-3,-3,-2,5.50
owg,2018,0,1,Dmitri ALIEV,OAR,4,FCSp,3,0,0,0,0,0,0,FCSp3,2.80,0.64,2,1,1,2,2,1,1,0,1,3.44
owg,2018,0,1,Dmitri ALIEV,OAR,5,ChSq,1,0,0,0,0,0,0,ChSq1,2.00,1.20,2,1,2,2,2,2,1,1,2,3.20
owg,2018,0,1,Dmitri ALIEV,OAR,6,3Lz,-,1,0,0,0,0,0,3Lz,6.60,0.50,1,1,1,1,1,0,0,0,1,7.10
owg,2018,0,1,Dmitri ALIEV,OAR,7,3A+2T,-,1,0,0,0,0,0,3A+2T,10.78,0.86,2,1,1,0,1,1,1,0,1,11.64
owg,2018,0,1,Junhwan CHA,KOR,1,3Lz+3T,-,0,0,0,0,0,0,3Lz+3T,10.30,1.00,2,2,1,2,1,1,1,1,2,11.30
owg,2018,0,1,Junhwan CHA,KOR,2,4S,-,0,0,0,0,0,0,4S,10.50,-4.00,-3,-3,-3,-3,-3,-3,-3,-3,-3,6.50
owg,2018,0,1,Junhwan CHA,KOR,3,3A+2T,-,0,0,0,0,0,0,3A+2T,9.80,0.14,1,0,0,0,0,0,1,0,0,9.94
owg,2018,0,1,Junhwan CHA,KOR,4,FCSp,3,0,0,0,0,0,0,FCSp3,2.80,0.50,2,1,1,1,1,0,1,1,1,3.30
owg,2018,0,1,Junhwan CHA,KOR,5,CSSp,3,0,0,0,0,0,0,CSSp3,2.60,0.50,2,1,1,1,1,1,1,1,0,3.10
owg,2018,0,1,Junhwan CHA,KOR,6,3A,-,0,0,0,0,0,0,3A,8.50,1.29,2,1,0,2,1,1,1,1,2,9.79
owg,2018,0,1,Junhwan CHA,KOR,7,3F+1Lo+3S,-,1,0,0,0,0,0,3F+1Lo+3S,11.22,0.70,1,1,1,1,1,1,1,1,1,11.92
owg,2018,0,1,Keiji TANAKA,JPN,1,4S,-,0,0,0,0,0,0,4S,10.50,1.14,1,2,1,2,1,0,1,1,1,11.64
owg,2018,0,1,Keiji TANAKA,JPN,2,4S+REP,-,0,0,0,0,0,0,4S+REP,7.35,-4.00,-3,-3,-3,-3,-3,-3,-3,-3,-3,3.35
owg,2018,0,1,Keiji TANAKA,JPN,3,3A,-,0,0,0,0,0,0,3A,8.50,1.57,2,1,2,2,2,1,1,1,2,10.07
owg,2018,0,1,Keiji TANAKA,JPN,4,CSSp,4,0,0,0,0,0,0,CSSp4,3.00,0.64,2,1,2,2,1,1,1,1,1,3.64
owg,2018,0,1,Keiji TANAKA,JPN,5,StSq,4,0,0,0,0,0,0,StSq4,3.90,1.00,2,1,2,2,1,1,1,1,2,4.90
owg,2018,0,1,Keiji TANAKA,JPN,6,4T,-,1,0,0,0,0,0,4T,11.33,-1.37,-1,-2,-2,-1,-1,-1,-1,-1,-1,9.96
owg,2018,0,1,Keiji TANAKA,JPN,7,3A+REP,-,1,0,0,0,0,0,3A+REP,6.55,-3.00,-3,-3,-3,-3,-3,-3,-3,-3,-3,3.55
owg,2018,0,1,Jorik HENDRICKX,BEL,1,3A+2T,-,0,0,0,0,0,0,3A+2T,9.80,1.00,1,2,1,2,0,0,1,1,1,10.80
owg,2018,0,1,Jorik HENDRICKX,BEL,2,3A,-,0,0,0,0,0,0,3A,8.50,0.71,0,1,0,1,1,0,1,1,1,9.21
owg,2018,0,1,Jorik HENDRICKX,BEL,3,3S,-,0,0,0,0,0,0,3S,4.40,0.70,1,1,1,1,1,1,1,1,1,5.10
owg,2018,0,1,Jorik HENDRICKX,BEL,4,CSSp,4,0,0,0,0,0,0,CSSp4,3.00,0.86,2,2,2,2,1,1,2,1,2,3.86
owg,2018,0,1,Jorik HENDRICKX,BEL,5,StSq,4,0,0,0,0,0,0,StSq4,3.90,1.20,2,3,2,2,2,1,1,1,2,5.10
owg,2018,0,1,Jorik HENDRICKX,BEL,6,3Lz+2T+2Lo,-,1,0,0,0,0,0,3Lz+2T+2Lo,10.01,0.10,0,1,0,0,0,0,1,0,0,10.11
owg,2018,0,1,Jorik HENDRICKX,BEL,7,3Lz,-,1,0,0,0,0,0,3Lz,6.60,0.50,1,1,1,1,1,0,0,0,1,7.10
owg,2018,0,1,Misha GE,UZB,1,3A,-,0,0,0,0,0,0,3A,8.50,1.00,1,1,1,0,1,1,2,1,1,9.50
owg,2018,0,1,Misha GE,UZB,2,3A+1Lo+2S,-,0,0,1,0,0,0,3A<+1Lo<+2S,7.60,-1.71,-2,-1,-1,-2,-2,-1,-2,-2,-2,5.89
owg,2018,0,1,Misha GE,UZB,3,3F,-,0,0,0,0,0,0,3F,5.30,1.00,2,2,2,1,1,0,2,1,1,6.30
owg,2018,0,1,Misha GE,UZB,4,CCSp,4,0,0,0,0,0,0,CCSp4,3.20,0.71,2,1,2,1,1,1,2,1,2,3.91
owg,2018,0,1,Misha GE,UZB,5,StSq,3,0,0,0,0,0,0,StSq3,3.30,1.00,2,2,2,2,2,1,3,2,2,4.30
owg,2018,0,1,Misha GE,UZB,6,FSSp,3,0,0,0,0,0,0,FSSp3,2.60,0.57,2,1,2,0,1,1,1,1,1,3.17
owg,2018,0,1,Misha GE,UZB,7,3Lz+3T,-,1,0,0,0,0,0,3Lz+3T,11.33,-0.50,-1,-1,0,-1,0,-1,-1,-1,0,10.83
owg,2018,0,1,Michal BREZINA,CZE,1,4S,-,0,0,0,0,0,0,4S,10.50,-2.23,-1,-2,-2,-2,-2,-2,-2,-2,-1,8.27
owg,2018,0,1,Michal BREZINA,CZE,2,3A+2T,-,0,0,0,0,0,0,3A+2T,9.80,1.14,1,1,2,1,1,1,1,1,2,10.94
owg,2018,0,1,Michal BREZINA,CZE,3,2S,-,0,0,0,0,0,0,2S,1.30,0.00,0,0,0,1,0,0,0,0,0,1.30
owg,2018,0,1,Michal BREZINA,CZE,4,FSSp,4,0,0,0,0,0,0,FSSp4,3.00,1.00,2,2,2,2,2,1,2,2,2,4.00
owg,2018,0,1,Michal BREZINA,CZE,5,StSq,3,0,0,0,0,0,0,StSq3,3.30,0.93,2,1,2,3,2,2,2,2,1,4.23
owg,2018,0,1,Michal BREZINA,CZE,6,3A,-,1,0,0,0,0,0,3A,9.35,2.00,3,2,2,2,2,2,2,2,2,11.35
owg,2018,0,1,Michal BREZINA,CZE,7,3Lo,-,1,0,0,0,0,0,3Lo,5.61,1.10,2,2,2,1,1,1,1,2,2,6.71
owg,2018,0,1,Matteo RIZZO,ITA,1,3F,-,0,0,0,0,0,0,3F,5.30,0.60,2,1,1,1,1,1,0,0,1,5.90
owg,2018,0,1,Matteo RIZZO,ITA,2,3A+2T,-,0,0,0,0,0,0,3A+2T,9.80,1.00,2,1,1,1,1,1,1,0,1,10.80
owg,2018,0,1,Matteo RIZZO,ITA,3,3Lz+3T,-,0,0,0,0,0,0,3Lz+3T,10.30,0.10,1,0,1,0,0,0,-1,0,0,10.40
owg,2018,0,1,Matteo RIZZO,ITA,4,FSSp,4,0,0,0,0,0,0,FSSp4,3.00,0.57,2,1,2,1,1,1,1,1,1,3.57
owg,2018,0,1,Matteo RIZZO,ITA,5,ChSq,1,0,0,0,0,0,0,ChSq1,2.00,0.70,2,1,1,1,1,0,1,0,2,2.70
owg,2018,0,1,Matteo RIZZO,ITA,6,3A,-,1,0,0,0,0,0,3A,9.35,0.29,2,0,1,0,0,0,1,0,0,9.64
owg,2018,0,1,Matteo RIZZO,ITA,7,3Lz+1Lo+3S,-,1,0,0,0,0,0,3Lz+1Lo+3S,11.99,0.40,1,0,1,0,1,0,1,0,1,12.39
owg,2018,0,1,Deniss VASILJEVS,LAT,1,3A+3T,-,0,0,0,0,0,0,3A+3T,12.80,1.00,2,0,0,2,1,1,1,1,1,13.80
owg,2018,0,1,Deniss VASILJEVS,LAT,2,3A,-,0,0,0,0,0,0,3A,8.50,-3.00,-3,-3,-3,-3,-3,-3,-3,-3,-3,5.50
owg,2018,0,1,Deniss VASILJEVS,LAT,3,3S,-,0,0,0,0,0,0,3S,4.40,0.90,2,1,1,1,1,1,2,1,2,5.30
owg,2018,0,1,Deniss VASILJEVS,LAT,4,StSq,4,0,0,0,0,0,0,StSq4,3.90,1.00,2,2,1,1,1,1,2,0,2,4.90
owg,2018,0,1,Deniss VASILJEVS,LAT,5,CCSp,3,0,0,0,0,0,0,CCSp3,2.80,0.79,2,2,1,2,2,1,2,0,1,3.59
owg,2018,0,1,Deniss VASILJEVS,LAT,6,3Lo,-,1,0,0,0,0,0,3Lo,5.61,0.90,2,2,2,1,1,1,1,1,1,6.51
owg,2018,0,1,Deniss VASILJEVS,LAT,7,3Lz+2T+2Lo,-,1,0,0,0,0,0,3Lz+2T+2Lo,10.01,0.80,2,1,1,1,1,1,2,1,1,10.81
owg,2018,0,1,Brendan KERRY,AUS,1,2T,-,0,0,0,0,0,0,2T,1.30,0.00,0,1,0,0,0,0,0,0,0,1.30
owg,2018,0,1,Brendan KERRY,AUS,2,3S,-,0,0,0,0,0,0,3S,4.40,0.80,2,1,1,2,1,1,1,0,1,5.20
owg,2018,0,1,Brendan KERRY,AUS,3,3F,-,0,0,0,0,0,0,3F,5.30,0.50,2,1,0,0,1,0,1,1,1,5.80
owg,2018,0,1,Brendan KERRY,AUS,4,CCSp,4,0,0,0,0,0,0,CCSp4,3.20,0.64,2,2,1,2,1,1,1,0,1,3.84
owg,2018,0,1,Brendan KERRY,AUS,5,ChSq,1,0,0,0,0,0,0,ChSq1,2.00,0.80,2,2,1,2,0,0,1,1,1,2.80
owg,2018,0,1,Brendan KERRY,AUS,6,3Lz+3T,-,1,0,0,0,0,0,3Lz+3T,11.33,0.60,1,1,1,1,1,1,1,0,0,11.93
owg,2018,0,1,Brendan KERRY,AUS,7,3A,-,1,0,0,0,0,0,3A,9.35,1.29,2,1,1,2,1,1,2,1,1,10.64
owg,2018,0,1,Paul FENTZ,GER,1,3A+3T,-,0,0,0,0,0,0,3A+3T,12.80,1.86,2,2,2,2,1,1,2,2,2,14.66
owg,2018,0,1,Paul FENTZ,GER,2,3T,-,0,0,0,0,0,0,3T,4.30,0.80,2,1,1,2,1,1,1,1,1,5.10
owg,2018,0,1,Paul FENTZ,GER,3,3Lo,-,0,0,0,0,0,0,3Lo,5.10,0.70,1,1,1,1,1,1,1,1,1,5.80
owg,2018,0,1,Paul FENTZ,GER,4,StSq,2,0,0,0,0,0,0,StSq2,2.60,0.36,1,0,1,1,0,0,1,1,1,2.96
owg,2018,0,1,Paul FENTZ,GER,5,CCoSp,4,0,0,0,0,0,0,CCoSp4,3.50,0.14,1,0,1,0,0,0,1,0,0,3.64
owg,2018,0,1,Paul FENTZ,GER,6,3A,-,1,0,0,0,0,0,3A,9.35,-2.00,-2,-2,-2,-2,-2,-2,-2,-2,-1,7.35
owg,2018,0,1,Paul FENTZ,GER,7,3Lz,-,1,0,0,0,0,0,3Lz,6.60,-0.70,-1,-1,-1,-1,-1,-1,-1,-1,0,5.90
owg,2018,0,1,Han YAN,CHN,1,3A+2T,-,0,0,0,0,0,0,3A+2T,9.80,1.71,1,2,2,2,1,2,2,0,2,11.51
owg,2018,0,1,Han YAN,CHN,2,3T,-,0,0,0,0,0,0,3T,4.30,-1.60,-2,-3,-3,-3,-2,-2,-2,-2,-1,2.70
owg,2018,0,1,Han YAN,CHN,3,3F,-,0,0,0,0,0,0,3F,5.30,-2.10,-3,-3,-3,-3,-3,-3,-3,-3,-3,3.20
owg,2018,0,1,Han YAN,CHN,4,FCSp,4,0,0,0,0,0,0,FCSp4,3.20,0.36,2,0,1,1,1,0,1,0,1,3.56
owg,2018,0,1,Han YAN,CHN,5,ChSq,1,0,0,0,0,0,0,ChSq1,2.00,0.90,2,1,1,1,2,0,2,1,1,2.90
owg,2018,0,1,Han YAN,CHN,6,3Lz,-,0,0,0,0,0,0,3Lz,6.00,1.10,2,1,2,2,1,1,2,1,2,7.10
owg,2018,0,1,Han YAN,CHN,7,3Lo,-,1,0,0,0,0,0,3Lo,5.61,-0.70,-1,-1,-1,-1,-1,-1,-1,-1,0,4.91
owg,2018,0,1,Morisi KVITELASHVILI,GEO,1,3A,-,0,0,0,0,0,0,3A,8.50,0.71,1,1,1,2,1,0,0,0,1,9.21
owg,2018,0,1,Morisi KVITELASHVILI,GEO,2,4S,-,0,0,0,0,0,0,4S,10.50,-4.00,-3,-3,-3,-3,-3,-3,-3,-3,-3,6.50
owg,2018,0,1,Morisi KVITELASHVILI,GEO,3,4T,-,0,1,0,0,0,0,4T<<,4.30,-2.10,-3,-3,-3,-3,-3,-3,-3,-3,-3,2.20
owg,2018,0,1,Morisi KVITELASHVILI,GEO,4,FCSp,4,0,0,0,0,0,0,FCSp4,3.20,0.29,0,0,1,1,1,0,1,0,1,3.49
owg,2018,0,1,Morisi KVITELASHVILI,GEO,5,StSq,3,0,0,0,0,0,0,StSq3,3.30,0.50,1,0,1,2,1,1,1,1,1,3.80
owg,2018,0,1,Morisi KVITELASHVILI,GEO,6,4T+REP,-,1,1,0,0,0,0,4T<<+REP,3.31,-2.10,-3,-3,-3,-3,-3,-3,-3,-3,-3,1.21
owg,2018,0,1,Morisi KVITELASHVILI,GEO,7,3F+3T,-,1,0,0,0,0,0,3F+3T,10.56,-1.20,-2,-2,-1,-2,-2,-1,-2,-2,-1,9.36
